index,tx_item1,tx_price1,tx_item2,tx_price2,expected_action1,expected_action2,rx_index,rx_item1,rx_action1,rx_item2,rx_action2,rx_reserved,action1_correct,action2_correct,packet_correct,status,latency_us
0,0x11,59,0x22,27,IGNORED,IGNORED,0,0x11,NONE,0x22,NONE,0x0000,,,,IGNORED_WARMUP,17047.10
1,0x11,21,0x22,56,IGNORED,IGNORED,1,0x11,NONE,0x22,NONE,0x0000,,,,IGNORED_WARMUP,16798.30
2,0x11,39,0x22,83,IGNORED,IGNORED,2,0x11,NONE,0x22,NONE,0x0000,,,,IGNORED_WARMUP,17083.90
3,0x11,16,0x22,8,IGNORED,IGNORED,3,0x11,NONE,0x22,NONE,0x0000,,,,IGNORED_WARMUP,16612.10
4,0x11,66,0x22,67,IGNORED,IGNORED,4,0x11,NONE,0x22,NONE,0x0000,,,,IGNORED_WARMUP,17561.30
5,0x11,24,0x22,85,IGNORED,IGNORED,5,0x11,NONE,0x22,NONE,0x0000,,,,IGNORED_WARMUP,16217.50
6,0x11,44,0x22,1,IGNORED,IGNORED,6,0x11,NONE,0x22,NONE,0x0000,,,,IGNORED_WARMUP,16831.10
7,0x11,36,0x22,49,IGNORED,IGNORED,7,0x11,NONE,0x22,NONE,0x0000,,,,IGNORED_WARMUP,16979.30
8,0x11,35,0x22,67,IGNORED,IGNORED,8,0x11,NONE,0x22,NONE,0x0000,,,,IGNORED_WARMUP,17375.00
9,0x11,83,0x22,59,IGNORED,IGNORED,9,0x11,NONE,0x22,NONE,0x0000,,,,IGNORED_WARMUP,16437.00
10,0x11,11,0x22,6,IGNORED,IGNORED,10,0x11,NONE,0x22,NONE,0x0000,,,,IGNORED_WARMUP,16795.60
11,0x11,73,0x22,36,IGNORED,IGNORED,11,0x11,NONE,0x22,NONE,0x0000,,,,IGNORED_WARMUP,17178.40
12,0x11,94,0x22,33,IGNORED,IGNORED,12,0x11,NONE,0x22,NONE,0x0000,,,,IGNORED_WARMUP,16941.60
13,0x11,83,0x22,24,IGNORED,IGNORED,13,0x11,NONE,0x22,NONE,0x0000,,,,IGNORED_WARMUP,16904.00
14,0x11,68,0x22,65,IGNORED,IGNORED,14,0x11,NONE,0x22,NONE,0x0000,,,,IGNORED_WARMUP,16734.40
15,0x11,3,0x22,13,IGNORED,IGNORED,15,0x11,NONE,0x22,NONE,0x0000,,,,IGNORED_WARMUP,16985.30
16,0x22,69,0x11,32,BUY,NONE,16,0x22,BUY,0x11,NONE,0x0000,YES,YES,YES,CORRECT,16396.50
17,0x11,70,0x22,78,BUY,BUY,17,0x11,BUY,0x22,BUY,0x0000,YES,YES,YES,CORRECT,16828.00
18,0x11,61,0x22,21,BUY,SELL,18,0x11,BUY,0x22,SELL,0x0000,YES,YES,YES,CORRECT,16724.80
19,0x11,55,0x22,91,BUY,BUY,19,0x11,BUY,0x22,BUY,0x0000,YES,YES,YES,CORRECT,16909.10
20,0x22,47,0x11,73,BUY,BUY,20,0x22,BUY,0x11,BUY,0x0000,YES,YES,YES,CORRECT,17018.40
21,0x22,28,0x11,20,SELL,SELL,21,0x22,SELL,0x11,SELL,0x0000,YES,YES,YES,CORRECT,16793.00
22,0x11,19,0x22,34,SELL,SELL,22,0x11,SELL,0x22,SELL,0x0000,YES,YES,YES,CORRECT,17138.80
23,0x22,49,0x11,75,BUY,BUY,23,0x22,BUY,0x11,BUY,0x0000,YES,YES,YES,CORRECT,16471.40
24,0x22,62,0x11,16,BUY,SELL,24,0x22,BUY,0x11,SELL,0x0000,YES,YES,YES,CORRECT,16604.10
25,0x22,82,0x11,97,BUY,BUY,25,0x22,BUY,0x11,BUY,0x0000,YES,YES,YES,CORRECT,16848.60
26,0x11,11,0x22,78,SELL,BUY,26,0x11,SELL,0x22,BUY,0x0000,YES,YES,YES,CORRECT,16770.70
27,0x11,22,0x22,64,SELL,BUY,27,0x11,SELL,0x22,BUY,0x0000,YES,YES,YES,CORRECT,16912.90
28,0x22,44,0x11,67,SELL,BUY,28,0x22,SELL,0x11,BUY,0x0000,YES,YES,YES,CORRECT,17017.40
29,0x11,87,0x22,81,BUY,BUY,29,0x11,BUY,0x22,BUY,0x0000,YES,YES,YES,CORRECT,16719.20
30,0x11,48,0x22,90,BUY,BUY,30,0x11,BUY,0x22,BUY,0x0000,YES,YES,YES,CORRECT,17415.90
31,0x22,90,0x11,93,BUY,BUY,31,0x22,BUY,0x11,BUY,0x0000,YES,YES,YES,CORRECT,16309.40
32,0x11,52,0x22,20,SELL,SELL,32,0x11,SELL,0x22,SELL,0x0000,YES,YES,YES,CORRECT,17053.90
33,0x22,84,0x11,89,BUY,BUY,33,0x22,BUY,0x11,BUY,0x0000,YES,YES,YES,CORRECT,16515.80
34,0x22,68,0x11,95,BUY,BUY,34,0x22,BUY,0x11,BUY,0x0000,YES,YES,YES,CORRECT,17342.70
35,0x11,82,0x22,99,BUY,BUY,35,0x11,BUY,0x22,BUY,0x0000,YES,YES,YES,CORRECT,16956.20
36,0x11,21,0x22,48,SELL,SELL,36,0x11,SELL,0x22,SELL,0x0000,YES,YES,YES,CORRECT,16334.90
37,0x22,80,0x11,87,BUY,BUY,37,0x22,BUY,0x11,BUY,0x0000,YES,YES,YES,CORRECT,16767.10
38,0x22,28,0x11,22,SELL,SELL,38,0x22,SELL,0x11,SELL,0x0000,YES,YES,YES,CORRECT,16810.40
39,0x22,65,0x11,4,SELL,SELL,39,0x22,SELL,0x11,SELL,0x0000,YES,YES,YES,CORRECT,16871.30
40,0x11,56,0x22,61,SELL,SELL,40,0x11,SELL,0x22,SELL,0x0000,YES,YES,YES,CORRECT,17191.80
41,0x11,47,0x22,66,SELL,SELL,41,0x11,SELL,0x22,SELL,0x0000,YES,YES,YES,CORRECT,17217.50
42,0x22,74,0x11,46,BUY,SELL,42,0x22,BUY,0x11,SELL,0x0000,YES,YES,YES,CORRECT,16680.90
43,0x22,34,0x11,15,SELL,SELL,43,0x22,SELL,0x11,SELL,0x0000,YES,YES,YES,CORRECT,16576.20
44,0x11,87,0x22,3,BUY,SELL,44,0x11,BUY,0x22,SELL,0x0000,YES,YES,YES,CORRECT,16882.80
45,0x11,63,0x22,48,BUY,SELL,45,0x11,BUY,0x22,SELL,0x0000,YES,YES,YES,CORRECT,16587.30
46,0x11,59,0x22,35,BUY,SELL,46,0x11,BUY,0x22,SELL,0x0000,YES,YES,YES,CORRECT,16962.70
47,0x22,65,0x11,40,BUY,SELL,47,0x22,BUY,0x11,SELL,0x0000,YES,YES,YES,CORRECT,17185.90
48,0x22,45,0x11,13,SELL,SELL,48,0x22,SELL,0x11,SELL,0x0000,YES,YES,YES,CORRECT,16601.80
49,0x11,69,0x22,71,BUY,BUY,49,0x11,BUY,0x22,BUY,0x0000,YES,YES,YES,CORRECT,16708.50
50,0x22,38,0x11,74,SELL,BUY,50,0x22,SELL,0x11,BUY,0x0000,YES,YES,YES,CORRECT,16890.10
51,0x22,51,0x11,27,BUY,SELL,51,0x22,BUY,0x11,SELL,0x0000,YES,YES,YES,CORRECT,16832.90
52,0x11,70,0x22,23,BUY,SELL,52,0x11,BUY,0x22,SELL,0x0000,YES,YES,YES,CORRECT,16846.00
53,0x22,98,0x11,57,BUY,BUY,53,0x22,BUY,0x11,BUY,0x0000,YES,YES,YES,CORRECT,16869.90
54,0x22,9,0x11,75,SELL,BUY,54,0x22,SELL,0x11,BUY,0x0000,YES,YES,YES,CORRECT,16881.40
55,0x11,24,0x22,26,SELL,SELL,55,0x11,SELL,0x22,SELL,0x0000,YES,YES,YES,CORRECT,16654.10
56,0x11,20,0x22,8,SELL,SELL,56,0x11,SELL,0x22,SELL,0x0000,YES,YES,YES,CORRECT,17437.60
57,0x22,99,0x11,64,BUY,BUY,57,0x22,BUY,0x11,BUY,0x0000,YES,YES,YES,CORRECT,16274.00
58,0x22,57,0x11,59,BUY,BUY,58,0x22,BUY,0x11,BUY,0x0000,YES,YES,YES,CORRECT,16849.50
59,0x22,30,0x11,32,SELL,SELL,59,0x22,SELL,0x11,SELL,0x0000,YES,YES,YES,CORRECT,16755.90
60,0x11,62,0x22,14,BUY,SELL,60,0x11,BUY,0x22,SELL,0x0000,YES,YES,YES,CORRECT,16947.20
61,0x22,88,0x11,51,BUY,BUY,61,0x22,BUY,0x11,BUY,0x0000,YES,YES,YES,CORRECT,16857.90
62,0x22,4,0x11,56,SELL,BUY,62,0x22,SELL,0x11,BUY,0x0000,YES,YES,YES,CORRECT,16889.40
63,0x11,26,0x22,22,SELL,SELL,63,0x11,SELL,0x22,SELL,0x0000,YES,YES,YES,CORRECT,16901.60
64,0x22,88,0x11,89,BUY,BUY,64,0x22,BUY,0x11,BUY,0x0000,YES,YES,YES,CORRECT,16963.40
65,0x22,99,0x11,95,BUY,BUY,65,0x22,BUY,0x11,BUY,0x0000,YES,YES,YES,CORRECT,16751.70
66,0x22,38,0x11,79,SELL,BUY,66,0x22,SELL,0x11,BUY,0x0000,YES,YES,YES,CORRECT,16957.30
67,0x11,92,0x22,36,BUY,SELL,67,0x11,BUY,0x22,SELL,0x0000,YES,YES,YES,CORRECT,16954.70
68,0x22,50,0x11,16,BUY,SELL,68,0x22,BUY,0x11,SELL,0x0000,YES,YES,YES,CORRECT,17322.60
69,0x11,51,0x22,89,SELL,BUY,69,0x11,SELL,0x22,BUY,0x0000,YES,YES,YES,CORRECT,16373.50
70,0x22,28,0x11,78,SELL,BUY,70,0x22,SELL,0x11,BUY,0x0000,YES,YES,YES,CORRECT,16702.60
71,0x11,81,0x22,77,BUY,BUY,71,0x11,BUY,0x22,BUY,0x0000,YES,YES,YES,CORRECT,16904.50
72,0x22,93,0x11,57,BUY,SELL,72,0x22,BUY,0x11,SELL,0x0000,YES,YES,YES,CORRECT,16704.60
73,0x11,62,0x22,72,BUY,BUY,73,0x11,BUY,0x22,BUY,0x0000,YES,YES,YES,CORRECT,17072.90
74,0x22,30,0x11,63,SELL,BUY,74,0x22,SELL,0x11,BUY,0x0000,YES,YES,YES,CORRECT,16561.30
75,0x22,82,0x11,18,BUY,SELL,75,0x22,BUY,0x11,SELL,0x0000,YES,YES,YES,CORRECT,16751.40
76,0x11,2,0x22,59,SELL,BUY,76,0x11,SELL,0x22,BUY,0x0000,YES,YES,YES,CORRECT,17076.70
77,0x22,31,0x11,77,SELL,BUY,77,0x22,SELL,0x11,BUY,0x0000,YES,YES,YES,CORRECT,16644.90
78,0x11,10,0x22,68,SELL,BUY,78,0x11,SELL,0x22,BUY,0x0000,YES,YES,YES,CORRECT,16815.70
79,0x22,49,0x11,69,SELL,BUY,79,0x22,SELL,0x11,BUY,0x0000,YES,YES,YES,CORRECT,16918.10
80,0x11,82,0x22,52,BUY,SELL,80,0x11,BUY,0x22,SELL,0x0000,YES,YES,YES,CORRECT,16756.20
81,0x11,64,0x22,18,BUY,SELL,81,0x11,BUY,0x22,SELL,0x0000,YES,YES,YES,CORRECT,16823.80
82,0x22,77,0x11,1,BUY,SELL,82,0x22,BUY,0x11,SELL,0x0000,YES,YES,YES,CORRECT,16894.40
83,0x11,83,0x22,0,BUY,SELL,83,0x11,BUY,0x22,SELL,0x0000,YES,YES,YES,CORRECT,16911.40
84,0x22,76,0x11,77,BUY,BUY,84,0x22,BUY,0x11,BUY,0x0000,YES,YES,YES,CORRECT,16800.50
85,0x11,82,0x22,82,BUY,BUY,85,0x11,BUY,0x22,BUY,0x0000,YES,YES,YES,CORRECT,16997.50
86,0x22,22,0x11,13,SELL,SELL,86,0x22,SELL,0x11,SELL,0x0000,YES,YES,YES,CORRECT,16929.30
87,0x11,81,0x22,72,BUY,BUY,87,0x11,BUY,0x22,BUY,0x0000,YES,YES,YES,CORRECT,16597.60
88,0x22,86,0x11,85,BUY,BUY,88,0x22,BUY,0x11,BUY,0x0000,YES,YES,YES,CORRECT,17350.50
89,0x22,24,0x11,17,SELL,SELL,89,0x22,SELL,0x11,SELL,0x0000,YES,YES,YES,CORRECT,16304.20
90,0x11,16,0x22,9,SELL,SELL,90,0x11,SELL,0x22,SELL,0x0000,YES,YES,YES,CORRECT,16782.60
91,0x22,13,0x11,69,SELL,BUY,91,0x22,SELL,0x11,BUY,0x0000,YES,YES,YES,CORRECT,17304.00
92,0x11,73,0x22,87,BUY,BUY,92,0x11,BUY,0x22,BUY,0x0000,YES,YES,YES,CORRECT,16526.80
93,0x11,72,0x22,81,BUY,BUY,93,0x11,BUY,0x22,BUY,0x0000,YES,YES,YES,CORRECT,16709.60
94,0x22,58,0x11,32,BUY,SELL,94,0x22,BUY,0x11,SELL,0x0000,YES,YES,YES,CORRECT,17152.70
95,0x22,32,0x11,32,SELL,SELL,95,0x22,SELL,0x11,SELL,0x0000,YES,YES,YES,CORRECT,16702.60
96,0x11,58,0x22,86,BUY,BUY,96,0x11,BUY,0x22,BUY,0x0000,YES,YES,YES,CORRECT,16949.30
97,0x22,83,0x11,47,BUY,SELL,97,0x22,BUY,0x11,SELL,0x0000,YES,YES,YES,CORRECT,16849.00
98,0x22,26,0x11,7,SELL,SELL,98,0x22,SELL,0x11,SELL,0x0000,YES,YES,YES,CORRECT,17022.00
99,0x22,87,0x11,38,BUY,SELL,99,0x22,BUY,0x11,SELL,0x0000,YES,YES,YES,CORRECT,16670.30
