session,name,index,request_hex,expected_hex,actual_hex,latency_us,status
0,constant_max_zero,0,000011ffff220000,0000110022000000,0000110022000000,16642.90,PASS
0,constant_max_zero,1,000122000011ffff,0001220011000000,0001220011000000,16888.30,PASS
0,constant_max_zero,2,000211ffff220000,0002110022000000,0002110022000000,16741.70,PASS
0,constant_max_zero,3,000322000011ffff,0003220011000000,0003220011000000,16845.70,PASS
0,constant_max_zero,4,000411ffff220000,0004110022000000,0004110022000000,16847.90,PASS
0,constant_max_zero,5,000522000011ffff,0005220011000000,0005220011000000,16790.50,PASS
0,constant_max_zero,6,000611ffff220000,0006110022000000,0006110022000000,16960.00,PASS
0,constant_max_zero,7,000722000011ffff,0007220011000000,0007220011000000,16725.00,PASS
0,constant_max_zero,8,000811ffff220000,0008110022000000,0008110022000000,14451.90,PASS
0,constant_max_zero,9,000922000011ffff,0009220011000000,0009220011000000,16844.80,PASS
0,constant_max_zero,10,000a11ffff220000,000a110022000000,000a110022000000,16893.30,PASS
0,constant_max_zero,11,000b22000011ffff,000b220011000000,000b220011000000,16802.80,PASS
0,constant_max_zero,12,000c11ffff220000,000c110022000000,000c110022000000,16808.50,PASS
0,constant_max_zero,13,000d22000011ffff,000d220011000000,000d220011000000,16863.50,PASS
0,constant_max_zero,14,000e11ffff220000,000e110022000000,000e110022000000,16705.10,PASS
0,constant_max_zero,15,000f22000011ffff,000f220011000000,000f220011000000,16795.50,PASS
0,constant_max_zero,16,001011ffff220000,0010110022000000,0010110022000000,16884.30,PASS
0,constant_max_zero,17,001122000011ffff,0011220011000000,0011220011000000,16835.40,PASS
0,constant_max_zero,18,001211ffff220000,0012110022000000,0012110022000000,17009.50,PASS
0,constant_max_zero,19,001322000011ffff,0013220011000000,0013220011000000,16755.50,PASS
0,constant_max_zero,20,001411ffff220000,0014110022000000,0014110022000000,16897.90,PASS
0,constant_max_zero,21,001522000011ffff,0015220011000000,0015220011000000,16824.00,PASS
0,constant_max_zero,22,001611ffff220000,0016110022000000,0016110022000000,16908.90,PASS
0,constant_max_zero,23,001722000011ffff,0017220011000000,0017220011000000,16800.90,PASS
0,constant_max_zero,24,001811ffff220000,0018110022000000,0018110022000000,16831.90,PASS
0,constant_max_zero,25,001922000011ffff,0019220011000000,0019220011000000,16848.50,PASS
0,constant_max_zero,26,001a11ffff220000,001a110022000000,001a110022000000,16897.70,PASS
0,constant_max_zero,27,001b22000011ffff,001b220011000000,001b220011000000,16824.50,PASS
0,constant_max_zero,28,001c11ffff220000,001c110022000000,001c110022000000,16882.00,PASS
0,constant_max_zero,29,001d22000011ffff,001d220011000000,001d220011000000,16818.70,PASS
0,constant_max_zero,30,001e11ffff220000,001e110022000000,001e110022000000,16820.70,PASS
0,constant_max_zero,31,001f22000011ffff,001f220011000000,001f220011000000,16895.60,PASS
0,constant_max_zero,32,002011ffff220000,0020110022000000,0020110022000000,16882.60,PASS
0,constant_max_zero,33,002122000011ffff,0021220011000000,0021220011000000,16841.90,PASS
0,constant_max_zero,34,002211ffff220000,0022110022000000,0022110022000000,16826.60,PASS
0,constant_max_zero,35,002322000011ffff,0023220011000000,0023220011000000,16815.00,PASS
0,constant_max_zero,36,002411ffff220000,0024110022000000,0024110022000000,16965.20,PASS
0,constant_max_zero,37,002522000011ffff,0025220011000000,0025220011000000,16660.40,PASS
0,constant_max_zero,38,002611ffff220000,0026110022000000,0026110022000000,16902.70,PASS
0,constant_max_zero,39,002722000011ffff,0027220011000000,0027220011000000,16778.60,PASS
0,constant_max_zero,40,002811ffff220000,0028110022000000,0028110022000000,16843.90,PASS
0,constant_max_zero,41,002922000011ffff,0029220011000000,0029220011000000,16863.90,PASS
0,constant_max_zero,42,002a11ffff220000,002a110022000000,002a110022000000,16799.30,PASS
0,constant_max_zero,43,002b22000011ffff,002b220011000000,002b220011000000,16704.70,PASS
0,constant_max_zero,44,002c11ffff220000,002c110022000000,002c110022000000,16859.40,PASS
0,constant_max_zero,45,002d22000011ffff,002d220011000000,002d220011000000,16936.20,PASS
0,constant_max_zero,46,002e11ffff220000,002e110022000000,002e110022000000,16724.90,PASS
0,constant_max_zero,47,002f22000011ffff,002f220011000000,002f220011000000,16830.60,PASS
0,constant_max_zero,48,003011ffff220000,0030110022000000,0030110022000000,16852.10,PASS
0,constant_max_zero,49,003122000011ffff,0031220011000000,0031220011000000,16902.60,PASS
0,constant_max_zero,50,003211ffff220000,0032110022000000,0032110022000000,16869.90,PASS
0,constant_max_zero,51,003322000011ffff,0033220011000000,0033220011000000,17043.00,PASS
0,constant_max_zero,52,003411ffff220000,0034110022000000,0034110022000000,16337.80,PASS
0,constant_max_zero,53,003522000011ffff,0035220011000000,0035220011000000,17198.00,PASS
0,constant_max_zero,54,003611ffff220000,0036110022000000,0036110022000000,16616.30,PASS
0,constant_max_zero,55,003722000011ffff,0037220011000000,0037220011000000,16761.70,PASS
0,constant_max_zero,56,003811ffff220000,0038110022000000,0038110022000000,16870.20,PASS
0,constant_max_zero,57,003922000011ffff,0039220011000000,0039220011000000,16891.80,PASS
0,constant_max_zero,58,003a11ffff220000,003a110022000000,003a110022000000,16888.30,PASS
0,constant_max_zero,59,003b22000011ffff,003b220011000000,003b220011000000,16759.50,PASS
0,constant_max_zero,60,003c11ffff220000,003c110022000000,003c110022000000,16870.40,PASS
0,constant_max_zero,61,003d22000011ffff,003d220011000000,003d220011000000,16869.70,PASS
0,constant_max_zero,62,003e11ffff220000,003e110022000000,003e110022000000,17810.30,PASS
0,constant_max_zero,63,003f22000011ffff,003f220011000000,003f220011000000,15789.40,PASS
0,constant_max_zero,64,004011ffff220000,0040110022000000,0040110022000000,16826.10,PASS
0,constant_max_zero,65,004122000011ffff,0041220011000000,0041220011000000,16925.90,PASS
0,constant_max_zero,66,004211ffff220000,0042110022000000,0042110022000000,16863.70,PASS
0,constant_max_zero,67,004322000011ffff,0043220011000000,0043220011000000,16739.10,PASS
0,constant_max_zero,68,004411ffff220000,0044110022000000,0044110022000000,16916.00,PASS
0,constant_max_zero,69,004522000011ffff,0045220011000000,0045220011000000,16562.30,PASS
0,constant_max_zero,70,004611ffff220000,0046110022000000,0046110022000000,16847.80,PASS
0,constant_max_zero,71,004722000011ffff,0047220011000000,0047220011000000,16890.50,PASS
0,constant_max_zero,72,004811ffff220000,0048110022000000,0048110022000000,16824.70,PASS
0,constant_max_zero,73,004922000011ffff,0049220011000000,0049220011000000,16859.30,PASS
0,constant_max_zero,74,004a11ffff220000,004a110022000000,004a110022000000,16779.30,PASS
0,constant_max_zero,75,004b22000011ffff,004b220011000000,004b220011000000,16989.90,PASS
0,constant_max_zero,76,004c11ffff220000,004c110022000000,004c110022000000,16741.60,PASS
0,constant_max_zero,77,004d22000011ffff,004d220011000000,004d220011000000,16890.80,PASS
0,constant_max_zero,78,004e11ffff220000,004e110022000000,004e110022000000,16845.60,PASS
0,constant_max_zero,79,004f22000011ffff,004f220011000000,004f220011000000,16841.30,PASS
0,constant_max_zero,80,005011ffff220000,0050110022000000,0050110022000000,16814.10,PASS
0,constant_max_zero,81,005122000011ffff,0051220011000000,0051220011000000,16959.80,PASS
0,constant_max_zero,82,005211ffff220000,0052110022000000,0052110022000000,16697.10,PASS
0,constant_max_zero,83,005322000011ffff,0053220011000000,0053220011000000,16891.60,PASS
0,constant_max_zero,84,005411ffff220000,0054110022000000,0054110022000000,16859.00,PASS
0,constant_max_zero,85,005522000011ffff,0055220011000000,0055220011000000,16789.90,PASS
0,constant_max_zero,86,005611ffff220000,0056110022000000,0056110022000000,16979.80,PASS
0,constant_max_zero,87,005722000011ffff,0057220011000000,0057220011000000,16730.90,PASS
0,constant_max_zero,88,005811ffff220000,0058110022000000,0058110022000000,16730.10,PASS
0,constant_max_zero,89,005922000011ffff,0059220011000000,0059220011000000,16823.30,PASS
0,constant_max_zero,90,005a11ffff220000,005a110022000000,005a110022000000,16689.10,PASS
0,constant_max_zero,91,005b22000011ffff,005b220011000000,005b220011000000,16659.90,PASS
0,constant_max_zero,92,005c11ffff220000,005c110022000000,005c110022000000,16853.50,PASS
0,constant_max_zero,93,005d22000011ffff,005d220011000000,005d220011000000,16674.10,PASS
0,constant_max_zero,94,005e11ffff220000,005e110022000000,005e110022000000,17015.30,PASS
0,constant_max_zero,95,005f22000011ffff,005f220011000000,005f220011000000,16755.30,PASS
0,constant_max_zero,96,006011ffff220000,0060110022000000,0060110022000000,16857.60,PASS
0,constant_max_zero,97,006122000011ffff,0061220011000000,0061220011000000,16819.00,PASS
0,constant_max_zero,98,006211ffff220000,0062110022000000,0062110022000000,16779.30,PASS
0,constant_max_zero,99,006322000011ffff,0063220011000000,0063220011000000,16734.40,PASS
1,constant_zero_max,0,000022ffff110000,0000220011000000,0000220011000000,7867.90,PASS
1,constant_zero_max,1,000111000022ffff,0001110022000000,0001110022000000,16913.60,PASS
1,constant_zero_max,2,000222ffff110000,0002220011000000,0002220011000000,16773.20,PASS
1,constant_zero_max,3,000311000022ffff,0003110022000000,0003110022000000,16884.10,PASS
1,constant_zero_max,4,000422ffff110000,0004220011000000,0004220011000000,16890.10,PASS
1,constant_zero_max,5,000511000022ffff,0005110022000000,0005110022000000,16873.10,PASS
1,constant_zero_max,6,000622ffff110000,0006220011000000,0006220011000000,16793.50,PASS
1,constant_zero_max,7,000711000022ffff,0007110022000000,0007110022000000,16881.40,PASS
1,constant_zero_max,8,000822ffff110000,0008220011000000,0008220011000000,16747.10,PASS
1,constant_zero_max,9,000911000022ffff,0009110022000000,0009110022000000,16859.60,PASS
1,constant_zero_max,10,000a22ffff110000,000a220011000000,000a220011000000,17094.50,PASS
1,constant_zero_max,11,000b11000022ffff,000b110022000000,000b110022000000,16601.20,PASS
1,constant_zero_max,12,000c22ffff110000,000c220011000000,000c220011000000,16881.10,PASS
1,constant_zero_max,13,000d11000022ffff,000d110022000000,000d110022000000,16730.00,PASS
1,constant_zero_max,14,000e22ffff110000,000e220011000000,000e220011000000,16851.80,PASS
1,constant_zero_max,15,000f11000022ffff,000f110022000000,000f110022000000,16684.60,PASS
1,constant_zero_max,16,001022ffff110000,0010220011000000,0010220011000000,16763.10,PASS
1,constant_zero_max,17,001111000022ffff,0011110022000000,0011110022000000,16773.80,PASS
1,constant_zero_max,18,001222ffff110000,0012220011000000,0012220011000000,16978.50,PASS
1,constant_zero_max,19,001311000022ffff,0013110022000000,0013110022000000,16767.70,PASS
1,constant_zero_max,20,001422ffff110000,0014220011000000,0014220011000000,16922.60,PASS
1,constant_zero_max,21,001511000022ffff,0015110022000000,0015110022000000,16816.50,PASS
1,constant_zero_max,22,001622ffff110000,0016220011000000,0016220011000000,16801.80,PASS
1,constant_zero_max,23,001711000022ffff,0017110022000000,0017110022000000,16822.80,PASS
1,constant_zero_max,24,001822ffff110000,0018220011000000,0018220011000000,16716.30,PASS
1,constant_zero_max,25,001911000022ffff,0019110022000000,0019110022000000,16947.50,PASS
1,constant_zero_max,26,001a22ffff110000,001a220011000000,001a220011000000,16779.30,PASS
1,constant_zero_max,27,001b11000022ffff,001b110022000000,001b110022000000,16781.50,PASS
1,constant_zero_max,28,001c22ffff110000,001c220011000000,001c220011000000,16838.90,PASS
1,constant_zero_max,29,001d11000022ffff,001d110022000000,001d110022000000,16791.80,PASS
1,constant_zero_max,30,001e22ffff110000,001e220011000000,001e220011000000,16864.40,PASS
1,constant_zero_max,31,001f11000022ffff,001f110022000000,001f110022000000,16876.30,PASS
1,constant_zero_max,32,002022ffff110000,0020220011000000,0020220011000000,16938.80,PASS
1,constant_zero_max,33,002111000022ffff,0021110022000000,0021110022000000,16803.50,PASS
1,constant_zero_max,34,002222ffff110000,0022220011000000,0022220011000000,16865.40,PASS
1,constant_zero_max,35,002311000022ffff,0023110022000000,0023110022000000,16861.40,PASS
1,constant_zero_max,36,002422ffff110000,0024220011000000,0024220011000000,16852.50,PASS
1,constant_zero_max,37,002511000022ffff,0025110022000000,0025110022000000,16761.20,PASS
1,constant_zero_max,38,002622ffff110000,0026220011000000,0026220011000000,16398.90,PASS
1,constant_zero_max,39,002711000022ffff,0027110022000000,0027110022000000,16802.40,PASS
1,constant_zero_max,40,002822ffff110000,0028220011000000,0028220011000000,16889.90,PASS
1,constant_zero_max,41,002911000022ffff,0029110022000000,0029110022000000,16619.80,PASS
1,constant_zero_max,42,002a22ffff110000,002a220011000000,002a220011000000,16780.40,PASS
1,constant_zero_max,43,002b11000022ffff,002b110022000000,002b110022000000,16825.20,PASS
1,constant_zero_max,44,002c22ffff110000,002c220011000000,002c220011000000,16885.20,PASS
1,constant_zero_max,45,002d11000022ffff,002d110022000000,002d110022000000,16908.30,PASS
1,constant_zero_max,46,002e22ffff110000,002e220011000000,002e220011000000,16824.40,PASS
1,constant_zero_max,47,002f11000022ffff,002f110022000000,002f110022000000,17137.50,PASS
1,constant_zero_max,48,003022ffff110000,0030220011000000,0030220011000000,16575.10,PASS
1,constant_zero_max,49,003111000022ffff,0031110022000000,0031110022000000,16776.90,PASS
1,constant_zero_max,50,003222ffff110000,0032220011000000,0032220011000000,19378.10,PASS
1,constant_zero_max,51,003311000022ffff,0033110022000000,0033110022000000,14319.30,PASS
1,constant_zero_max,52,003422ffff110000,0034220011000000,0034220011000000,16883.60,PASS
1,constant_zero_max,53,003511000022ffff,0035110022000000,0035110022000000,16878.90,PASS
1,constant_zero_max,54,003622ffff110000,0036220011000000,0036220011000000,17024.40,PASS
1,constant_zero_max,55,003711000022ffff,0037110022000000,0037110022000000,16659.40,PASS
1,constant_zero_max,56,003822ffff110000,0038220011000000,0038220011000000,16864.00,PASS
1,constant_zero_max,57,003911000022ffff,0039110022000000,0039110022000000,16834.30,PASS
1,constant_zero_max,58,003a22ffff110000,003a220011000000,003a220011000000,16877.50,PASS
1,constant_zero_max,59,003b11000022ffff,003b110022000000,003b110022000000,16732.20,PASS
1,constant_zero_max,60,003c22ffff110000,003c220011000000,003c220011000000,16921.60,PASS
1,constant_zero_max,61,003d11000022ffff,003d110022000000,003d110022000000,16781.90,PASS
1,constant_zero_max,62,003e22ffff110000,003e220011000000,003e220011000000,16840.70,PASS
1,constant_zero_max,63,003f11000022ffff,003f110022000000,003f110022000000,16768.80,PASS
1,constant_zero_max,64,004022ffff110000,0040220011000000,0040220011000000,16886.80,PASS
1,constant_zero_max,65,004111000022ffff,0041110022000000,0041110022000000,16544.60,PASS
1,constant_zero_max,66,004222ffff110000,0042220011000000,0042220011000000,16986.10,PASS
1,constant_zero_max,67,004311000022ffff,0043110022000000,0043110022000000,16777.50,PASS
1,constant_zero_max,68,004422ffff110000,0044220011000000,0044220011000000,17569.00,PASS
1,constant_zero_max,69,004511000022ffff,0045110022000000,0045110022000000,16679.60,PASS
1,constant_zero_max,70,004622ffff110000,0046220011000000,0046220011000000,16577.70,PASS
1,constant_zero_max,71,004711000022ffff,0047110022000000,0047110022000000,16457.40,PASS
1,constant_zero_max,72,004822ffff110000,0048220011000000,0048220011000000,16940.70,PASS
1,constant_zero_max,73,004911000022ffff,0049110022000000,0049110022000000,16875.20,PASS
1,constant_zero_max,74,004a22ffff110000,004a220011000000,004a220011000000,18474.50,PASS
1,constant_zero_max,75,004b11000022ffff,004b110022000000,004b110022000000,15254.90,PASS
1,constant_zero_max,76,004c22ffff110000,004c220011000000,004c220011000000,16711.30,PASS
1,constant_zero_max,77,004d11000022ffff,004d110022000000,004d110022000000,16922.00,PASS
1,constant_zero_max,78,004e22ffff110000,004e220011000000,004e220011000000,16746.00,PASS
1,constant_zero_max,79,004f11000022ffff,004f110022000000,004f110022000000,16813.00,PASS
1,constant_zero_max,80,005022ffff110000,0050220011000000,0050220011000000,16871.00,PASS
1,constant_zero_max,81,005111000022ffff,0051110022000000,0051110022000000,16777.90,PASS
1,constant_zero_max,82,005222ffff110000,0052220011000000,0052220011000000,16680.20,PASS
1,constant_zero_max,83,005311000022ffff,0053110022000000,0053110022000000,16912.90,PASS
1,constant_zero_max,84,005422ffff110000,0054220011000000,0054220011000000,16793.60,PASS
1,constant_zero_max,85,005511000022ffff,0055110022000000,0055110022000000,16741.80,PASS
1,constant_zero_max,86,005622ffff110000,0056220011000000,0056220011000000,16681.90,PASS
1,constant_zero_max,87,005711000022ffff,0057110022000000,0057110022000000,16831.20,PASS
1,constant_zero_max,88,005822ffff110000,0058220011000000,0058220011000000,16795.50,PASS
1,constant_zero_max,89,005911000022ffff,0059110022000000,0059110022000000,16898.30,PASS
1,constant_zero_max,90,005a22ffff110000,005a220011000000,005a220011000000,16794.60,PASS
1,constant_zero_max,91,005b11000022ffff,005b110022000000,005b110022000000,16762.90,PASS
1,constant_zero_max,92,005c22ffff110000,005c220011000000,005c220011000000,16840.20,PASS
1,constant_zero_max,93,005d11000022ffff,005d110022000000,005d110022000000,16883.20,PASS
1,constant_zero_max,94,005e22ffff110000,005e220011000000,005e220011000000,16856.00,PASS
1,constant_zero_max,95,005f11000022ffff,005f110022000000,005f110022000000,16831.40,PASS
1,constant_zero_max,96,006022ffff110000,0060220011000000,0060220011000000,17008.30,PASS
1,constant_zero_max,97,006111000022ffff,0061110022000000,0061110022000000,16794.80,PASS
1,constant_zero_max,98,006222ffff110000,0062220011000000,0062220011000000,16733.20,PASS
1,constant_zero_max,99,006311000022ffff,0063110022000000,0063110022000000,16819.00,PASS
2,alternating_extremes,0,000011000022ffff,0000110022000000,0000110022000000,9200.90,PASS
2,alternating_extremes,1,000122000011ffff,0001220011000000,0001220011000000,16752.90,PASS
2,alternating_extremes,2,000211000022ffff,0002110022000000,0002110022000000,16848.40,PASS
2,alternating_extremes,3,000322000011ffff,0003220011000000,0003220011000000,17105.70,PASS
2,alternating_extremes,4,000411000022ffff,0004110022000000,0004110022000000,16600.50,PASS
2,alternating_extremes,5,000522000011ffff,0005220011000000,0005220011000000,16917.70,PASS
2,alternating_extremes,6,000611000022ffff,0006110022000000,0006110022000000,16753.60,PASS
2,alternating_extremes,7,000722000011ffff,0007220011000000,0007220011000000,16843.50,PASS
2,alternating_extremes,8,000811000022ffff,0008110022000000,0008110022000000,16862.20,PASS
2,alternating_extremes,9,000922000011ffff,0009220011000000,0009220011000000,16812.00,PASS
2,alternating_extremes,10,000a11000022ffff,000a110022000000,000a110022000000,16725.60,PASS
2,alternating_extremes,11,000b22000011ffff,000b220011000000,000b220011000000,16581.60,PASS
2,alternating_extremes,12,000c11000022ffff,000c110022000000,000c110022000000,16712.60,PASS
2,alternating_extremes,13,000d22000011ffff,000d220011000000,000d220011000000,16886.60,PASS
2,alternating_extremes,14,000e11000022ffff,000e110022000000,000e110022000000,16849.10,PASS
2,alternating_extremes,15,000f22000011ffff,000f220011000000,000f220011000000,16819.60,PASS
2,alternating_extremes,16,001011000022ffff,0010110122020000,0010110122020000,16904.10,PASS
2,alternating_extremes,17,001122000011ffff,0011220111020000,0011220111020000,16915.50,PASS
2,alternating_extremes,18,001211000022ffff,0012110122020000,0012110122020000,16858.10,PASS
2,alternating_extremes,19,001322000011ffff,0013220111020000,0013220111020000,16794.20,PASS
2,alternating_extremes,20,001411000022ffff,0014110122020000,0014110122020000,16868.90,PASS
2,alternating_extremes,21,001522000011ffff,0015220111020000,0015220111020000,16968.40,PASS
2,alternating_extremes,22,001611000022ffff,0016110122020000,0016110122020000,16708.70,PASS
2,alternating_extremes,23,001722000011ffff,0017220111020000,0017220111020000,16886.20,PASS
2,alternating_extremes,24,001811000022ffff,0018110122020000,0018110122020000,16817.70,PASS
2,alternating_extremes,25,001922000011ffff,0019220111020000,0019220111020000,16827.00,PASS
2,alternating_extremes,26,001a11000022ffff,001a110122020000,001a110122020000,16842.10,PASS
2,alternating_extremes,27,001b22000011ffff,001b220111020000,001b220111020000,16804.00,PASS
2,alternating_extremes,28,001c11000022ffff,001c110122020000,001c110122020000,16814.80,PASS
2,alternating_extremes,29,001d22000011ffff,001d220111020000,001d220111020000,16872.70,PASS
2,alternating_extremes,30,001e11000022ffff,001e110122020000,001e110122020000,16350.80,PASS
2,alternating_extremes,31,001f22000011ffff,001f220111020000,001f220111020000,16924.60,PASS
2,alternating_extremes,32,002011000022ffff,0020110122020000,0020110122020000,16808.10,PASS
2,alternating_extremes,33,002122000011ffff,0021220111020000,0021220111020000,16834.60,PASS
2,alternating_extremes,34,002211000022ffff,0022110122020000,0022110122020000,17097.50,PASS
2,alternating_extremes,35,002322000011ffff,0023220111020000,0023220111020000,16622.00,PASS
2,alternating_extremes,36,002411000022ffff,0024110122020000,0024110122020000,16818.90,PASS
2,alternating_extremes,37,002522000011ffff,0025220111020000,0025220111020000,16845.50,PASS
2,alternating_extremes,38,002611000022ffff,0026110122020000,0026110122020000,16706.90,PASS
2,alternating_extremes,39,002722000011ffff,0027220111020000,0027220111020000,16817.10,PASS
2,alternating_extremes,40,002811000022ffff,0028110122020000,0028110122020000,16908.70,PASS
2,alternating_extremes,41,002922000011ffff,0029220111020000,0029220111020000,16853.40,PASS
2,alternating_extremes,42,002a11000022ffff,002a110122020000,002a110122020000,16824.10,PASS
2,alternating_extremes,43,002b22000011ffff,002b220111020000,002b220111020000,16862.60,PASS
2,alternating_extremes,44,002c11000022ffff,002c110122020000,002c110122020000,16881.70,PASS
2,alternating_extremes,45,002d22000011ffff,002d220111020000,002d220111020000,16800.80,PASS
2,alternating_extremes,46,002e11000022ffff,002e110122020000,002e110122020000,16883.10,PASS
2,alternating_extremes,47,002f22000011ffff,002f220111020000,002f220111020000,16926.40,PASS
2,alternating_extremes,48,003011000022ffff,0030110122020000,0030110122020000,16734.00,PASS
2,alternating_extremes,49,003122000011ffff,0031220111020000,0031220111020000,16838.50,PASS
2,alternating_extremes,50,003211000022ffff,0032110122020000,0032110122020000,16859.00,PASS
2,alternating_extremes,51,003322000011ffff,0033220111020000,0033220111020000,16729.80,PASS
2,alternating_extremes,52,003411000022ffff,0034110122020000,0034110122020000,16794.50,PASS
2,alternating_extremes,53,003522000011ffff,0035220111020000,0035220111020000,17138.40,PASS
2,alternating_extremes,54,003611000022ffff,0036110122020000,0036110122020000,16646.10,PASS
2,alternating_extremes,55,003722000011ffff,0037220111020000,0037220111020000,16790.10,PASS
2,alternating_extremes,56,003811000022ffff,0038110122020000,0038110122020000,16866.40,PASS
2,alternating_extremes,57,003922000011ffff,0039220111020000,0039220111020000,16744.40,PASS
2,alternating_extremes,58,003a11000022ffff,003a110122020000,003a110122020000,16858.90,PASS
2,alternating_extremes,59,003b22000011ffff,003b220111020000,003b220111020000,16753.60,PASS
2,alternating_extremes,60,003c11000022ffff,003c110122020000,003c110122020000,17063.20,PASS
2,alternating_extremes,61,003d22000011ffff,003d220111020000,003d220111020000,16476.90,PASS
2,alternating_extremes,62,003e11000022ffff,003e110122020000,003e110122020000,16754.50,PASS
2,alternating_extremes,63,003f22000011ffff,003f220111020000,003f220111020000,16865.50,PASS
2,alternating_extremes,64,004011000022ffff,0040110122020000,0040110122020000,16734.70,PASS
2,alternating_extremes,65,004122000011ffff,0041220111020000,0041220111020000,16838.20,PASS
2,alternating_extremes,66,004211000022ffff,0042110122020000,0042110122020000,16872.50,PASS
2,alternating_extremes,67,004322000011ffff,0043220111020000,0043220111020000,17009.90,PASS
2,alternating_extremes,68,004411000022ffff,0044110122020000,0044110122020000,16704.50,PASS
2,alternating_extremes,69,004522000011ffff,0045220111020000,0045220111020000,16865.90,PASS
2,alternating_extremes,70,004611000022ffff,0046110122020000,0046110122020000,16882.60,PASS
2,alternating_extremes,71,004722000011ffff,0047220111020000,0047220111020000,16838.20,PASS
2,alternating_extremes,72,004811000022ffff,0048110122020000,0048110122020000,16975.40,PASS
2,alternating_extremes,73,004922000011ffff,0049220111020000,0049220111020000,16790.70,PASS
2,alternating_extremes,74,004a11000022ffff,004a110122020000,004a110122020000,16807.40,PASS
2,alternating_extremes,75,004b22000011ffff,004b220111020000,004b220111020000,16875.10,PASS
2,alternating_extremes,76,004c11000022ffff,004c110122020000,004c110122020000,16878.50,PASS
2,alternating_extremes,77,004d22000011ffff,004d220111020000,004d220111020000,16824.60,PASS
2,alternating_extremes,78,004e11000022ffff,004e110122020000,004e110122020000,16838.70,PASS
2,alternating_extremes,79,004f22000011ffff,004f220111020000,004f220111020000,16906.20,PASS
2,alternating_extremes,80,005011000022ffff,0050110122020000,0050110122020000,16861.20,PASS
2,alternating_extremes,81,005122000011ffff,0051220111020000,0051220111020000,16754.00,PASS
2,alternating_extremes,82,005211000022ffff,0052110122020000,0052110122020000,16885.20,PASS
2,alternating_extremes,83,005322000011ffff,0053220111020000,0053220111020000,16999.50,PASS
2,alternating_extremes,84,005411000022ffff,0054110122020000,0054110122020000,16838.20,PASS
2,alternating_extremes,85,005522000011ffff,0055220111020000,0055220111020000,16792.50,PASS
2,alternating_extremes,86,005611000022ffff,0056110122020000,0056110122020000,16704.70,PASS
2,alternating_extremes,87,005722000011ffff,0057220111020000,0057220111020000,16829.40,PASS
2,alternating_extremes,88,005811000022ffff,0058110122020000,0058110122020000,16906.90,PASS
2,alternating_extremes,89,005922000011ffff,0059220111020000,0059220111020000,16838.00,PASS
2,alternating_extremes,90,005a11000022ffff,005a110122020000,005a110122020000,16754.60,PASS
2,alternating_extremes,91,005b22000011ffff,005b220111020000,005b220111020000,15774.80,PASS
2,alternating_extremes,92,005c11000022ffff,005c110122020000,005c110122020000,16946.40,PASS
2,alternating_extremes,93,005d22000011ffff,005d220111020000,005d220111020000,16972.00,PASS
2,alternating_extremes,94,005e11000022ffff,005e110122020000,005e110122020000,16657.70,PASS
2,alternating_extremes,95,005f22000011ffff,005f220111020000,005f220111020000,16720.90,PASS
2,alternating_extremes,96,006011000022ffff,0060110122020000,0060110122020000,16778.20,PASS
2,alternating_extremes,97,006122000011ffff,0061220111020000,0061220111020000,16813.70,PASS
2,alternating_extremes,98,006211000022ffff,0062110122020000,0062110122020000,16796.70,PASS
2,alternating_extremes,99,006322000011ffff,0063220111020000,0063220111020000,16764.40,PASS
3,rounding_and_held_actions,0,000022006411000f,0000220011000000,0000220011000000,20061.80,PASS
3,rounding_and_held_actions,1,000111000f220064,0001110022000000,0001110022000000,16767.70,PASS
3,rounding_and_held_actions,2,000222006411000f,0002220011000000,0002220011000000,16810.20,PASS
3,rounding_and_held_actions,3,000311000f220064,0003110022000000,0003110022000000,16819.20,PASS
3,rounding_and_held_actions,4,000422006411000f,0004220011000000,0004220011000000,16870.50,PASS
3,rounding_and_held_actions,5,000511000f220064,0005110022000000,0005110022000000,16792.10,PASS
3,rounding_and_held_actions,6,000622006411000f,0006220011000000,0006220011000000,16689.70,PASS
3,rounding_and_held_actions,7,000711000f220064,0007110022000000,0007110022000000,16942.80,PASS
3,rounding_and_held_actions,8,000822006411000f,0008220011000000,0008220011000000,16658.30,PASS
3,rounding_and_held_actions,9,000911000f220064,0009110022000000,0009110022000000,16758.40,PASS
3,rounding_and_held_actions,10,000a22006411000f,000a220011000000,000a220011000000,16792.80,PASS
3,rounding_and_held_actions,11,000b11000f220064,000b110022000000,000b110022000000,16820.60,PASS
3,rounding_and_held_actions,12,000c22006411000f,000c220011000000,000c220011000000,16823.80,PASS
3,rounding_and_held_actions,13,000d11000f220064,000d110022000000,000d110022000000,17012.20,PASS
3,rounding_and_held_actions,14,000e22006411000f,000e220011000000,000e220011000000,16712.60,PASS
3,rounding_and_held_actions,15,000f110010220064,000f110022000000,000f110022000000,16837.40,PASS
3,rounding_and_held_actions,16,001022006511000f,0010220211000000,0010220211000000,17845.00,PASS
3,rounding_and_held_actions,17,0011110010220065,0011110222020000,0011110222020000,15999.90,PASS
3,rounding_and_held_actions,18,001222006511000e,0012220211010000,0012220211010000,16197.10,PASS
3,rounding_and_held_actions,19,0013110000220065,0013110122020000,0013110122020000,16850.00,PASS
3,rounding_and_held_actions,20,001422006511ffff,0014220211020000,0014220211020000,16892.50,PASS
3,rounding_and_held_actions,21,001511000f220065,0015110122020000,0015110122020000,16806.50,PASS
3,rounding_and_held_actions,22,0016220065110010,0016220211010000,0016220211010000,16843.20,PASS
3,rounding_and_held_actions,23,001711000e220065,0017110122020000,0017110122020000,16925.50,PASS
3,rounding_and_held_actions,24,0018220065110000,0018220211010000,0018220211010000,16763.80,PASS
3,rounding_and_held_actions,25,001911ffff220065,0019110222020000,0019110222020000,16835.20,PASS
3,rounding_and_held_actions,26,001a22006511000f,001a220211010000,001a220211010000,16818.70,PASS
3,rounding_and_held_actions,27,001b110010220065,001b110122020000,001b110122020000,16894.90,PASS
3,rounding_and_held_actions,28,001c22006511000e,001c220211010000,001c220211010000,16839.90,PASS
3,rounding_and_held_actions,29,001d110000220065,001d110122020000,001d110122020000,16886.00,PASS
3,rounding_and_held_actions,30,001e22006511ffff,001e220211020000,001e220211020000,16761.70,PASS
3,rounding_and_held_actions,31,001f11000f220065,001f110122020000,001f110122020000,16842.60,PASS
3,rounding_and_held_actions,32,0020220065110010,0020220211010000,0020220211010000,16805.50,PASS
3,rounding_and_held_actions,33,002111000e220065,0021110122020000,0021110122020000,16720.00,PASS
3,rounding_and_held_actions,34,0022220065110000,0022220211010000,0022220211010000,18326.20,PASS
3,rounding_and_held_actions,35,002311ffff220065,0023110222020000,0023110222020000,15071.60,PASS
3,rounding_and_held_actions,36,002422006311000f,0024220111010000,0024220111010000,16863.40,PASS
3,rounding_and_held_actions,37,0025110010220063,0025110122010000,0025110122010000,16843.20,PASS
3,rounding_and_held_actions,38,002622006311000e,0026220111010000,0026220111010000,16759.60,PASS
3,rounding_and_held_actions,39,0027110000220063,0027110122010000,0027110122010000,16897.00,PASS
3,rounding_and_held_actions,40,002822006311ffff,0028220111020000,0028220111020000,16897.00,PASS
3,rounding_and_held_actions,41,002911000f220063,0029110122010000,0029110122010000,16838.80,PASS
3,rounding_and_held_actions,42,002a220063110010,002a220111010000,002a220111010000,16815.20,PASS
3,rounding_and_held_actions,43,002b11000e220063,002b110122010000,002b110122010000,16899.00,PASS
3,rounding_and_held_actions,44,002c220063110000,002c220111010000,002c220111010000,16858.00,PASS
3,rounding_and_held_actions,45,002d11ffff220063,002d110222010000,002d110222010000,16841.20,PASS
3,rounding_and_held_actions,46,002e22006311000f,002e220111010000,002e220111010000,16857.70,PASS
3,rounding_and_held_actions,47,002f110010220063,002f110122010000,002f110122010000,16860.60,PASS
3,rounding_and_held_actions,48,003022006311000e,0030220111010000,0030220111010000,16941.50,PASS
3,rounding_and_held_actions,49,0031110000220063,0031110122010000,0031110122010000,16849.30,PASS
3,rounding_and_held_actions,50,003222006311ffff,0032220111020000,0032220111020000,16860.00,PASS
3,rounding_and_held_actions,51,003311000f220063,0033110122010000,0033110122010000,16875.40,PASS
3,rounding_and_held_actions,52,0034220063110010,0034220111010000,0034220111010000,16873.40,PASS
3,rounding_and_held_actions,53,003511000e220063,0035110122010000,0035110122010000,16774.00,PASS
3,rounding_and_held_actions,54,0036220063110000,0036220111010000,0036220111010000,16847.10,PASS
3,rounding_and_held_actions,55,003711ffff220063,0037110222010000,0037110222010000,16803.50,PASS
3,rounding_and_held_actions,56,003822006411000f,0038220211010000,0038220211010000,16750.70,PASS
3,rounding_and_held_actions,57,0039110010220064,0039110122020000,0039110122020000,16874.00,PASS
3,rounding_and_held_actions,58,003a22006411000e,003a220211010000,003a220211010000,16730.10,PASS
3,rounding_and_held_actions,59,003b110000220064,003b110122020000,003b110122020000,16695.60,PASS
3,rounding_and_held_actions,60,003c22006411ffff,003c220211020000,003c220211020000,16778.10,PASS
3,rounding_and_held_actions,61,003d11000f220064,003d110122020000,003d110122020000,16928.20,PASS
3,rounding_and_held_actions,62,003e220064110010,003e220211010000,003e220211010000,16807.30,PASS
3,rounding_and_held_actions,63,003f11000e220064,003f110122020000,003f110122020000,16846.70,PASS
3,rounding_and_held_actions,64,0040220064110000,0040220211010000,0040220211010000,16867.80,PASS
3,rounding_and_held_actions,65,004111ffff220064,0041110222020000,0041110222020000,16984.90,PASS
3,rounding_and_held_actions,66,004222006411000f,0042220211010000,0042220211010000,16798.00,PASS
3,rounding_and_held_actions,67,0043110010220064,0043110122020000,0043110122020000,16760.30,PASS
3,rounding_and_held_actions,68,004422006411000e,0044220211010000,0044220211010000,16848.80,PASS
3,rounding_and_held_actions,69,0045110000220064,0045110122020000,0045110122020000,16858.60,PASS
3,rounding_and_held_actions,70,004622006411ffff,0046220211020000,0046220211020000,16919.90,PASS
3,rounding_and_held_actions,71,004711000f220064,0047110122020000,0047110122020000,16782.80,PASS
3,rounding_and_held_actions,72,0048220064110010,0048220211010000,0048220211010000,16693.80,PASS
3,rounding_and_held_actions,73,004911000e220064,0049110122020000,0049110122020000,16867.10,PASS
3,rounding_and_held_actions,74,004a220064110000,004a220211010000,004a220211010000,16848.20,PASS
3,rounding_and_held_actions,75,004b11ffff220064,004b110222020000,004b110222020000,16860.50,PASS
3,rounding_and_held_actions,76,004c22006411000f,004c220211010000,004c220211010000,16747.80,PASS
3,rounding_and_held_actions,77,004d110010220064,004d110122020000,004d110122020000,16706.90,PASS
3,rounding_and_held_actions,78,004e22006411000e,004e220211010000,004e220211010000,16775.80,PASS
3,rounding_and_held_actions,79,004f110000220064,004f110122020000,004f110122020000,16735.60,PASS
3,rounding_and_held_actions,80,005022006411ffff,0050220211020000,0050220211020000,16928.00,PASS
3,rounding_and_held_actions,81,005111000f220064,0051110122020000,0051110122020000,16850.80,PASS
3,rounding_and_held_actions,82,0052220064110010,0052220211010000,0052220211010000,16716.10,PASS
3,rounding_and_held_actions,83,005311000e220064,0053110122020000,0053110122020000,16793.40,PASS
3,rounding_and_held_actions,84,0054220064110000,0054220211010000,0054220211010000,16842.60,PASS
3,rounding_and_held_actions,85,005511ffff220064,0055110222020000,0055110222020000,16860.10,PASS
3,rounding_and_held_actions,86,005622006411000f,0056220211010000,0056220211010000,16827.30,PASS
3,rounding_and_held_actions,87,0057110010220064,0057110122020000,0057110122020000,16737.40,PASS
3,rounding_and_held_actions,88,005822006411000e,0058220211010000,0058220211010000,16877.10,PASS
3,rounding_and_held_actions,89,0059110000220064,0059110122020000,0059110122020000,16860.20,PASS
3,rounding_and_held_actions,90,005a22006411ffff,005a220211020000,005a220211020000,16893.00,PASS
3,rounding_and_held_actions,91,005b11000f220064,005b110122020000,005b110122020000,16685.20,PASS
3,rounding_and_held_actions,92,005c220064110010,005c220211010000,005c220211010000,16814.80,PASS
3,rounding_and_held_actions,93,005d11000e220064,005d110122020000,005d110122020000,16970.60,PASS
3,rounding_and_held_actions,94,005e220064110000,005e220211010000,005e220211010000,16835.80,PASS
3,rounding_and_held_actions,95,005f11ffff220064,005f110222020000,005f110222020000,16745.70,PASS
3,rounding_and_held_actions,96,0060220064110064,0060220211010000,0060220211010000,16926.60,PASS
3,rounding_and_held_actions,97,0061110064220064,0061110122020000,0061110122020000,16814.80,PASS
3,rounding_and_held_actions,98,0062220064110064,0062220211010000,0062220211010000,16862.20,PASS
3,rounding_and_held_actions,99,0063110064220064,0063110122020000,0063110122020000,16933.30,PASS
4,random_fullrange_0,0,000011ee1d22afe0,0000110022000000,0000110022000000,10117.10,PASS
4,random_fullrange_0,1,000122ddf711e997,0001220011000000,0001220011000000,16874.40,PASS
4,random_fullrange_0,2,000211267a22e479,0002110022000000,0002110022000000,16838.50,PASS
4,random_fullrange_0,3,000322278011bea8,0003220011000000,0003220011000000,16894.70,PASS
4,random_fullrange_0,4,00041116fb228dcc,0004110022000000,0004110022000000,16870.40,PASS
4,random_fullrange_0,5,0005220c27118f7f,0005220011000000,0005220011000000,16710.40,PASS
4,random_fullrange_0,6,0006113dbc22f4bf,0006110022000000,0006110022000000,17259.70,PASS
4,random_fullrange_0,7,0007220adc11b6e5,0007220011000000,0007220011000000,16740.90,PASS
4,random_fullrange_0,8,0008118b06227397,0008110022000000,0008110022000000,16557.00,PASS
4,random_fullrange_0,9,0009222b1c11b63c,0009220011000000,0009220011000000,16725.90,PASS
4,random_fullrange_0,10,000a1198d92268cf,000a110022000000,000a110022000000,16986.40,PASS
4,random_fullrange_0,11,000b221f47118168,000b220011000000,000b220011000000,16817.80,PASS
4,random_fullrange_0,12,000c111e3822e5da,000c110022000000,000c110022000000,16751.80,PASS
4,random_fullrange_0,13,000d229175117e8d,000d220011000000,000d220011000000,17000.60,PASS
4,random_fullrange_0,14,000e118a0b220b58,000e110022000000,000e110022000000,16794.50,PASS
4,random_fullrange_0,15,000f229a8111e169,000f220011000000,000f220011000000,16984.80,PASS
4,random_fullrange_0,16,001011cef522fda4,0010110022000000,0010110022000000,16700.50,PASS
4,random_fullrange_0,17,0011223d4c11d457,0011220111000000,0011220111000000,16885.60,PASS
4,random_fullrange_0,18,00121110c822a267,0012110122020000,0012110122020000,16823.80,PASS
4,random_fullrange_0,19,001322d8eb112860,0013220211010000,0013220211010000,16811.10,PASS
4,random_fullrange_0,20,0014114151229508,0014110122020000,0014110122020000,16799.80,PASS
4,random_fullrange_0,21,0015226489115aaf,0015220111010000,0015220111010000,16949.10,PASS
4,random_fullrange_0,22,00161113482273f8,0016110122010000,0016110122010000,16795.70,PASS
4,random_fullrange_0,23,001722f62e1136d4,0017220211010000,0017220211010000,16850.20,PASS
4,random_fullrange_0,24,001811b9e3220dfb,0018110222010000,0018110222010000,16891.50,PASS
4,random_fullrange_0,25,001922cc6e119a82,0019220211020000,0019220211020000,16716.00,PASS
4,random_fullrange_0,26,001a1136de22a308,001a110122020000,001a110122020000,16852.30,PASS
4,random_fullrange_0,27,001b223cb21126f1,001b220111010000,001b220111010000,16786.00,PASS
4,random_fullrange_0,28,001c11259e222577,001c110122010000,001c110122010000,16937.90,PASS
4,random_fullrange_0,29,001d2211e211d08d,001d220111020000,001d220111020000,16798.40,PASS
4,random_fullrange_0,30,001e110c39225a14,001e110122010000,001e110122010000,16790.50,PASS
4,random_fullrange_0,31,001f22b0e811b356,001f220211020000,001f220211020000,16778.10,PASS
4,random_fullrange_0,32,0020112fee222009,0020110122010000,0020110122010000,16838.90,PASS
4,random_fullrange_0,33,002122f43711e088,0021220211020000,0021220211020000,16832.20,PASS
4,random_fullrange_0,34,00221159c22244c2,0022110122010000,0022110122010000,16625.90,PASS
4,random_fullrange_0,35,0023229dad1190fa,0023220211020000,0023220211020000,16803.30,PASS
4,random_fullrange_0,36,002411e68622bf86,0024110222020000,0024110222020000,16979.30,PASS
4,random_fullrange_0,37,002522280f114b5f,0025220111010000,0025220111010000,16830.00,PASS
4,random_fullrange_0,38,002611399b226457,0026110122010000,0026110122010000,16750.20,PASS
4,random_fullrange_0,39,002722062a11e47f,0027220111020000,0027220111020000,16864.60,PASS
4,random_fullrange_0,40,002811e51122d600,0028110222020000,0028110222020000,16803.20,PASS
4,random_fullrange_0,41,0029225f17119815,0029220111020000,0029220111020000,16944.00,PASS
4,random_fullrange_0,42,002a1171bb22e900,002a110122020000,002a110122020000,16819.10,PASS
4,random_fullrange_0,43,002b225e62116052,002b220111010000,002b220111010000,16880.90,PASS
4,random_fullrange_0,44,002c1165b1226ae4,002c110122010000,002c110122010000,17065.40,PASS
4,random_fullrange_0,45,002d2295f21186d8,002d220211020000,002d220211020000,16841.40,PASS
4,random_fullrange_0,46,002e11128e22d7dc,002e110122020000,002e110122020000,16609.10,PASS
4,random_fullrange_0,47,002f22550111e452,002f220111020000,002f220111020000,16860.30,PASS
4,random_fullrange_0,48,0030113c1e22b270,0030110122020000,0030110122020000,16877.00,PASS
4,random_fullrange_0,49,003122288b111220,0031220111010000,0031220111010000,16878.20,PASS
4,random_fullrange_0,50,003211a782222257,0032110222010000,0032110222010000,16849.70,PASS
4,random_fullrange_0,51,0033220cbb11aa52,0033220111020000,0033220111020000,16829.00,PASS
4,random_fullrange_0,52,003411a8c622a03b,0034110222020000,0034110222020000,16850.80,PASS
4,random_fullrange_0,53,0035229cd1117a01,0035220211010000,0035220211010000,16769.80,PASS
4,random_fullrange_0,54,003611c815223485,0036110222010000,0036110222010000,16867.90,PASS
4,random_fullrange_0,55,003722fc9611e70a,0037220211020000,0037220211020000,16897.90,PASS
4,random_fullrange_0,56,003811c76622b497,0038110222020000,0038110222020000,16827.80,PASS
4,random_fullrange_0,57,00392290e7118119,0039220211010000,0039220211010000,16895.50,PASS
4,random_fullrange_0,58,003a115bc3228dec,003a110122020000,003a110122020000,16544.50,PASS
4,random_fullrange_0,59,003b222e1a119b1c,003b220111020000,003b220111020000,16790.90,PASS
4,random_fullrange_0,60,003c11185b22074f,003c110122010000,003c110122010000,16829.80,PASS
4,random_fullrange_0,61,003d22c48811cbf1,003d220211020000,003d220211020000,16859.10,PASS
4,random_fullrange_0,62,003e11fced220edd,003e110222010000,003e110222010000,16851.80,PASS
4,random_fullrange_0,63,003f22ecfa115784,003f220211010000,003f220211010000,16985.60,PASS
4,random_fullrange_0,64,0040113d9f22e9bf,0040110122020000,0040110122020000,16706.60,PASS
4,random_fullrange_0,65,0041224d1c11ae48,0041220111020000,0041220111020000,16870.00,PASS
4,random_fullrange_0,66,0042113d392238d8,0042110122010000,0042110122010000,16828.70,PASS
4,random_fullrange_0,67,0043226a081135a5,0043220111010000,0043220111010000,16897.80,PASS
4,random_fullrange_0,68,004411308c224688,0044110122010000,0044110122010000,16876.90,PASS
4,random_fullrange_0,69,0045221aa11107ea,0045220111010000,0045220111010000,16857.70,PASS
4,random_fullrange_0,70,0046111ace222332,0046110122010000,0046110122010000,16883.50,PASS
4,random_fullrange_0,71,004722aa1011325e,0047220211010000,0047220211010000,16794.90,PASS
4,random_fullrange_0,72,00481159a32223c7,0048110122010000,0048110122010000,16846.50,PASS
4,random_fullrange_0,73,0049229c0b11dba9,0049220211020000,0049220211020000,16863.00,PASS
4,random_fullrange_0,74,004a11fd77228dd6,004a110222020000,004a110222020000,16870.20,PASS
4,random_fullrange_0,75,004b22dcf311ce62,004b220211020000,004b220211020000,16900.90,PASS
4,random_fullrange_0,76,004c11ccac223aae,004c110222010000,004c110222010000,16867.50,PASS
4,random_fullrange_0,77,004d22058911f25d,004d220111020000,004d220111020000,16891.80,PASS
4,random_fullrange_0,78,004e11968522130d,004e110222010000,004e110222010000,16794.90,PASS
4,random_fullrange_0,79,004f22737311aa90,004f220211020000,004f220211020000,16817.20,PASS
4,random_fullrange_0,80,00501154ce227bc0,0050110122020000,0050110122020000,17850.00,PASS
4,random_fullrange_0,81,005122368e11eed4,0051220111020000,0051220111020000,15845.00,PASS
4,random_fullrange_0,82,005211fb0322cc94,0052110222020000,0052110222020000,16778.80,PASS
4,random_fullrange_0,83,00532218cf118611,0053220111010000,0053220111010000,16899.80,PASS
4,random_fullrange_0,84,005411398a228df5,0054110122020000,0054110122020000,16729.60,PASS
4,random_fullrange_0,85,0055227aee11afa8,0055220211020000,0055220211020000,17004.00,PASS
4,random_fullrange_0,86,005611da8f22e0fe,0056110222020000,0056110222020000,16738.00,PASS
4,random_fullrange_0,87,0057223bc71186e5,0057220111010000,0057220111010000,16746.20,PASS
4,random_fullrange_0,88,0058111256227ade,0058110122020000,0058110122020000,16892.70,PASS
4,random_fullrange_0,89,00592271c911c4aa,0059220211020000,0059220211020000,16877.30,PASS
4,random_fullrange_0,90,005a113b1d22faa0,005a110122020000,005a110122020000,16808.80,PASS
4,random_fullrange_0,91,005b22c7a811993b,005b220211010000,005b220211010000,16979.30,PASS
4,random_fullrange_0,92,005c1158b822874d,005c110122020000,005c110122020000,16830.40,PASS
4,random_fullrange_0,93,005d22b613117b8d,005d220211010000,005d220211010000,16764.30,PASS
4,random_fullrange_0,94,005e11297d22c4b2,005e110122020000,005e110122020000,16941.90,PASS
4,random_fullrange_0,95,005f22ba6d11ad01,005f220211020000,005f220211020000,16902.10,PASS
4,random_fullrange_0,96,0060119940229ae1,0060110222020000,0060110222020000,16778.20,PASS
4,random_fullrange_0,97,006122e6ba11f791,0061220211020000,0061220211020000,17177.50,PASS
4,random_fullrange_0,98,006211e84a22d67b,0062110222020000,0062110222020000,16417.60,PASS
4,random_fullrange_0,99,0063227e6d11438e,0063220111010000,0063220111010000,16837.10,PASS
5,random_fullrange_1,0,0000220133118b92,0000220011000000,0000220011000000,11226.00,PASS
5,random_fullrange_1,1,0001115d52226b30,0001110022000000,0001110022000000,16903.00,PASS
5,random_fullrange_1,2,000222afeb119253,0002220011000000,0002220011000000,16772.10,PASS
5,random_fullrange_1,3,000311da9d223409,0003110022000000,0003110022000000,16907.70,PASS
5,random_fullrange_1,4,000422845211da32,0004220011000000,0004220011000000,16770.10,PASS
5,random_fullrange_1,5,0005116eae220186,0005110022000000,0005110022000000,16720.10,PASS
5,random_fullrange_1,6,000622f5e3112829,0006220011000000,0006220011000000,16726.50,PASS
5,random_fullrange_1,7,0007116476227b3a,0007110022000000,0007110022000000,16921.90,PASS
5,random_fullrange_1,8,0008226321114f92,0008220011000000,0008220011000000,16837.30,PASS
5,random_fullrange_1,9,000911d61122ce1d,0009110022000000,0009110022000000,16818.40,PASS
5,random_fullrange_1,10,000a22905911f9b5,000a220011000000,000a220011000000,16925.70,PASS
5,random_fullrange_1,11,000b1181ce226b56,000b110022000000,000b110022000000,16770.00,PASS
5,random_fullrange_1,12,000c2229da115826,000c220011000000,000c220011000000,16777.10,PASS
5,random_fullrange_1,13,000d1187ee226205,000d110022000000,000d110022000000,16903.50,PASS
5,random_fullrange_1,14,000e22fa3211d7ba,000e220011000000,000e220011000000,16775.80,PASS
5,random_fullrange_1,15,000f1142c222d203,000f110022000000,000f110022000000,16881.50,PASS
5,random_fullrange_1,16,0010227973115f20,0010220111000000,0010220111000000,16875.50,PASS
5,random_fullrange_1,17,0011119c4f22c4a8,0011110222020000,0011110222020000,16913.90,PASS
5,random_fullrange_1,18,00122239e3110c94,0012220111010000,0012220111010000,16849.50,PASS
5,random_fullrange_1,19,001311676b227d32,0013110122010000,0013110122010000,16853.10,PASS
5,random_fullrange_1,20,001422904b117eb9,0014220211020000,0014220211020000,16811.40,PASS
5,random_fullrange_1,21,001511826e228254,0015110222010000,0015110222010000,16840.40,PASS
5,random_fullrange_1,22,0016225df8118cf4,0016220111020000,0016220111020000,16773.00,PASS
5,random_fullrange_1,23,0017115a3e22c2b8,0017110122020000,0017110122020000,16786.00,PASS
5,random_fullrange_1,24,0018229293114a0e,0018220211010000,0018220211010000,16805.30,PASS
5,random_fullrange_1,25,00191147b922faa2,0019110122020000,0019110122020000,16876.00,PASS
5,random_fullrange_1,26,001a22609e11fbee,001a220111020000,001a220111020000,16785.60,PASS
5,random_fullrange_1,27,001b1113a022d5ce,001b110122020000,001b110122020000,16899.90,PASS
5,random_fullrange_1,28,001c224b9711e572,001c220111020000,001c220111020000,16831.60,PASS
5,random_fullrange_1,29,001d1159c822ddbd,001d110122020000,001d110122020000,16707.50,PASS
5,random_fullrange_1,30,001e222f72119582,001e220111020000,001e220111020000,16660.30,PASS
5,random_fullrange_1,31,001f11812e2263c8,001f110222010000,001f110222010000,16862.60,PASS
5,random_fullrange_1,32,002022ddcc11ea6d,0020220211020000,0020220211020000,16734.70,PASS
5,random_fullrange_1,33,0021119c26228995,0021110222010000,0021110222010000,16786.60,PASS
5,random_fullrange_1,34,00222213b011234c,0022220111010000,0022220111010000,16706.80,PASS
5,random_fullrange_1,35,002311e42c22df7c,0023110222020000,0023110222020000,16746.80,PASS
5,random_fullrange_1,36,00242215c11108cb,0024220111010000,0024220111010000,16954.70,PASS
5,random_fullrange_1,37,0025111e0e22b189,0025110122020000,0025110122020000,16789.30,PASS
5,random_fullrange_1,38,002622afda110b33,0026220211010000,0026220211010000,16919.00,PASS
5,random_fullrange_1,39,002711ba062228d3,0027110222010000,0027110222010000,16837.50,PASS
5,random_fullrange_1,40,0028220f09119e7c,0028220111020000,0028220111020000,16828.90,PASS
5,random_fullrange_1,41,00291185ef22b811,0029110222020000,0029110222020000,16794.20,PASS
5,random_fullrange_1,42,002a22bb5c11b0ce,002a220211020000,002a220211020000,16825.00,PASS
5,random_fullrange_1,43,002b113c8522a6e8,002b110122020000,002b110122020000,16879.50,PASS
5,random_fullrange_1,44,002c2206fd11663c,002c220111010000,002c220111010000,16791.70,PASS
5,random_fullrange_1,45,002d11db8d22d728,002d110222020000,002d110222020000,16887.70,PASS
5,random_fullrange_1,46,002e225805113e50,002e220111010000,002e220111010000,16844.90,PASS
5,random_fullrange_1,47,002f11a46b222d6b,002f110222010000,002f110222010000,17013.40,PASS
5,random_fullrange_1,48,0030225fd2119f7f,0030220111020000,0030220111020000,16660.10,PASS
5,random_fullrange_1,49,0031117098220f92,0031110122010000,0031110122010000,16758.10,PASS
5,random_fullrange_1,50,0032224ebb11d6a7,0032220111020000,0032220111020000,16850.50,PASS
5,random_fullrange_1,51,0033115123228cee,0033110122020000,0033110122020000,16927.20,PASS
5,random_fullrange_1,52,0034225682117398,0034220111010000,0034220111010000,16699.00,PASS
5,random_fullrange_1,53,003511c96f2220ea,0035110222010000,0035110222010000,16836.50,PASS
5,random_fullrange_1,54,003622cd90111d8d,0036220211010000,0036220211010000,16774.00,PASS
5,random_fullrange_1,55,003711b82d220058,0037110222010000,0037110222010000,16780.00,PASS
5,random_fullrange_1,56,003822bb441146da,0038220211010000,0038220211010000,16838.90,PASS
5,random_fullrange_1,57,003911ac85227405,0039110222020000,0039110222020000,16980.30,PASS
5,random_fullrange_1,58,003a22cd6c1182a4,003a220211020000,003a220211020000,16608.00,PASS
5,random_fullrange_1,59,003b11265522ddc8,003b110122020000,003b110122020000,16861.40,PASS
5,random_fullrange_1,60,003c22e31a11006d,003c220211010000,003c220211010000,17034.60,PASS
5,random_fullrange_1,61,003d11137722413c,003d110122010000,003d110122010000,16774.00,PASS
5,random_fullrange_1,62,003e22b736114c7b,003e220211010000,003e220211010000,16867.60,PASS
5,random_fullrange_1,63,003f1108f72278aa,003f110122010000,003f110122010000,16768.30,PASS
5,random_fullrange_1,64,00402214bf116e73,0040220111020000,0040220111020000,16962.90,PASS
5,random_fullrange_1,65,004111ceed22b27c,0041110222020000,0041110222020000,16692.10,PASS
5,random_fullrange_1,66,004222bf3c11a50d,0042220211020000,0042220211020000,16839.00,PASS
5,random_fullrange_1,67,0043114f6e221b68,0043110122010000,0043110122010000,16872.30,PASS
5,random_fullrange_1,68,00442274f011941f,0044220111020000,0044220111020000,16717.40,PASS
5,random_fullrange_1,69,0045111b0422d2e6,0045110122020000,0045110122020000,16814.70,PASS
5,random_fullrange_1,70,00462276071133e7,0046220111010000,0046220111010000,16776.60,PASS
5,random_fullrange_1,71,00471172d52260b5,0047110222010000,0047110222010000,16809.80,PASS
5,random_fullrange_1,72,0048225e431110ac,0048220111010000,0048220111010000,16758.40,PASS
5,random_fullrange_1,73,004911adeb225192,0049110222010000,0049110222010000,16728.80,PASS
5,random_fullrange_1,74,004a22cb7c11528c,004a220211020000,004a220211020000,16940.60,PASS
5,random_fullrange_1,75,004b118a7322fdc1,004b110222020000,004b110222020000,16732.70,PASS
5,random_fullrange_1,76,004c22ea7a11e011,004c220211020000,004c220211020000,16816.90,PASS
5,random_fullrange_1,77,004d11f94e22f4b1,004d110222020000,004d110222020000,16978.60,PASS
5,random_fullrange_1,78,004e229f6711af5c,004e220211020000,004e220211020000,16770.10,PASS
5,random_fullrange_1,79,004f1189d722e671,004f110222020000,004f110222020000,16899.30,PASS
5,random_fullrange_1,80,005022ac6b11e559,0050220211020000,0050220211020000,16672.70,PASS
5,random_fullrange_1,81,005111ffd1225578,0051110222010000,0051110222010000,16952.00,PASS
5,random_fullrange_1,82,005222f78411971c,0052220211020000,0052220211020000,16599.00,PASS
5,random_fullrange_1,83,0053110b172267a0,0053110122010000,0053110122010000,16965.00,PASS
5,random_fullrange_1,84,005422689d1138f4,0054220111010000,0054220111010000,16969.40,PASS
5,random_fullrange_1,85,005511fcba22dd74,0055110222020000,0055110222020000,16850.40,PASS
5,random_fullrange_1,86,00562293a711a7ae,0056220111020000,0056220111020000,16671.80,PASS
5,random_fullrange_1,87,00571187c9221dac,0057110122010000,0057110122010000,16875.80,PASS
5,random_fullrange_1,88,0058227d3a11e110,0058220111020000,0058220111020000,16789.50,PASS
5,random_fullrange_1,89,00591199bd223e9d,0059110122010000,0059110122010000,16922.80,PASS
5,random_fullrange_1,90,005a22c1091198e1,005a220211010000,005a220211010000,16900.00,PASS
5,random_fullrange_1,91,005b11a43a2217b1,005b110122010000,005b110122010000,16869.30,PASS
5,random_fullrange_1,92,005c2248b2112bfb,005c220111010000,005c220111010000,16775.10,PASS
5,random_fullrange_1,93,005d11b1c6229472,005d110222020000,005d110222020000,16859.20,PASS
5,random_fullrange_1,94,005e2236a111046f,005e220111010000,005e220111010000,16899.40,PASS
5,random_fullrange_1,95,005f1115fc22fd49,005f110122020000,005f110122020000,16852.30,PASS
5,random_fullrange_1,96,0060229f8011798c,0060220211010000,0060220211010000,16875.20,PASS
5,random_fullrange_1,97,006111e895229128,0061110222020000,0061110222020000,16944.70,PASS
5,random_fullrange_1,98,00622274e111032a,0062220111010000,0062220111010000,16837.10,PASS
5,random_fullrange_1,99,0063114f37220fcc,0063110122010000,0063110122010000,16860.90,PASS
6,random_fullrange_2,0,0000111e18227817,0000110022000000,0000110022000000,20202.80,PASS
6,random_fullrange_2,1,000122f85e11fd5a,0001220011000000,0001220011000000,16771.70,PASS
6,random_fullrange_2,2,000211df41228e84,0002110022000000,0002110022000000,16656.20,PASS
6,random_fullrange_2,3,0003223109112170,0003220011000000,0003220011000000,16811.40,PASS
6,random_fullrange_2,4,0004112ac022aa60,0004110022000000,0004110022000000,16897.60,PASS
6,random_fullrange_2,5,000522d599110509,0005220011000000,0005220011000000,16778.50,PASS
6,random_fullrange_2,6,000611173a22c01e,0006110022000000,0006110022000000,16814.80,PASS
6,random_fullrange_2,7,000722e25711ddee,0007220011000000,0007220011000000,16999.00,PASS
6,random_fullrange_2,8,000811581e228f5a,0008110022000000,0008110022000000,16776.40,PASS
6,random_fullrange_2,9,000922d07311924b,0009220011000000,0009220011000000,16804.00,PASS
6,random_fullrange_2,10,000a11266a22573d,000a110022000000,000a110022000000,16929.00,PASS
6,random_fullrange_2,11,000b227e0311911d,000b220011000000,000b220011000000,16800.60,PASS
6,random_fullrange_2,12,000c11d630228010,000c110022000000,000c110022000000,16875.20,PASS
6,random_fullrange_2,13,000d222c8f11409e,000d220011000000,000d220011000000,16772.80,PASS
6,random_fullrange_2,14,000e11b8ea228e0d,000e110022000000,000e110022000000,16898.40,PASS
6,random_fullrange_2,15,000f22a26f11b85f,000f220011000000,000f220011000000,16683.00,PASS
6,random_fullrange_2,16,0010111ffb226ac8,0010110122010000,0010110122010000,16673.90,PASS
6,random_fullrange_2,17,001122a9ba11ea13,0011220211020000,0011220211020000,16732.60,PASS
6,random_fullrange_2,18,001211350f2265d9,0012110122010000,0012110122010000,16900.50,PASS
6,random_fullrange_2,19,0013220f6711c556,0013220111020000,0013220111020000,16766.90,PASS
6,random_fullrange_2,20,001411403f22a9ac,0014110122020000,0014110122020000,16825.30,PASS
6,random_fullrange_2,21,001522bc4511a929,0015220211020000,0015220211020000,16881.30,PASS
6,random_fullrange_2,22,001611558522ceb5,0016110122020000,0016110122020000,16855.20,PASS
6,random_fullrange_2,23,0017223bc811f5cc,0017220111020000,0017220111020000,16951.70,PASS
6,random_fullrange_2,24,00181139eb226674,0018110122010000,0018110122010000,16799.80,PASS
6,random_fullrange_2,25,001922703f11b9ab,0019220111020000,0019220111020000,16765.90,PASS
6,random_fullrange_2,26,001a118f39229978,001a110222020000,001a110222020000,16818.90,PASS
6,random_fullrange_2,27,001b227123110b71,001b220111010000,001b220111010000,16853.70,PASS
6,random_fullrange_2,28,001c113064224e25,001c110122010000,001c110122010000,16597.90,PASS
6,random_fullrange_2,29,001d229c0b110dc4,001d220211010000,001d220211010000,17001.20,PASS
6,random_fullrange_2,30,001e11c890222676,001e110222010000,001e110222010000,16762.70,PASS
6,random_fullrange_2,31,001f22a53411992f,001f220211020000,001f220211020000,16809.20,PASS
6,random_fullrange_2,32,00201152502258dc,0020110122010000,0020110122010000,17294.00,PASS
6,random_fullrange_2,33,002122e04211358e,0021220211010000,0021220211010000,16192.80,PASS
6,random_fullrange_2,34,002211e9a12240a4,0022110222010000,0022110222010000,16700.60,PASS
6,random_fullrange_2,35,0023222bfc11ccc9,0023220111020000,0023220111020000,16687.30,PASS
6,random_fullrange_2,36,00241175d522faec,0024110122020000,0024110122020000,16809.60,PASS
6,random_fullrange_2,37,002522e58d112728,0025220211010000,0025220211010000,16789.50,PASS
6,random_fullrange_2,38,002611360f22128d,0026110122010000,0026110122010000,16709.60,PASS
6,random_fullrange_2,39,00272228a8110cca,0027220111010000,0027220111010000,16757.70,PASS
6,random_fullrange_2,40,002811a86d229432,0028110222020000,0028110222020000,16864.70,PASS
6,random_fullrange_2,41,0029226a6a11292a,0029220111010000,0029220111010000,16840.40,PASS
6,random_fullrange_2,42,002a11a2b32222ac,002a110222010000,002a110222010000,16885.10,PASS
6,random_fullrange_2,43,002b22284b1171e5,002b220111020000,002b220111020000,16782.90,PASS
6,random_fullrange_2,44,002c117b6b223203,002c110222010000,002c110222010000,16926.30,PASS
6,random_fullrange_2,45,002d2213581178a5,002d220111020000,002d220111020000,16828.50,PASS
6,random_fullrange_2,46,002e112a17229ed9,002e110122020000,002e110122020000,16853.00,PASS
6,random_fullrange_2,47,002f22a411114310,002f220211010000,002f220211010000,16856.70,PASS
6,random_fullrange_2,48,003011c6fe22abaf,0030110222020000,0030110222020000,16824.20,PASS
6,random_fullrange_2,49,003122e14d1126df,0031220211010000,0031220211010000,16792.30,PASS
6,random_fullrange_2,50,003211feab2250ef,0032110222010000,0032110222010000,16771.60,PASS
6,random_fullrange_2,51,0033226f9b11ec22,0033220111020000,0033220111020000,16885.40,PASS
6,random_fullrange_2,52,00341183b822eedb,0034110222020000,0034110222020000,16685.40,PASS
6,random_fullrange_2,53,003522f63b11bf3d,0035220211020000,0035220211020000,16797.80,PASS
6,random_fullrange_2,54,003611af2f22bc4f,0036110222020000,0036110222020000,16896.00,PASS
6,random_fullrange_2,55,00372208d5110aca,0037220111010000,0037220111010000,16755.00,PASS
6,random_fullrange_2,56,003811f6862269ef,0038110222010000,0038110222010000,16844.10,PASS
6,random_fullrange_2,57,003922e51611afdd,0039220211020000,0039220211020000,16856.50,PASS
6,random_fullrange_2,58,003a11f25222c112,003a110222020000,003a110222020000,16864.20,PASS
6,random_fullrange_2,59,003b223e5411f8bf,003b220111020000,003b220111020000,16888.50,PASS
6,random_fullrange_2,60,003c117c4122300d,003c110122010000,003c110122010000,16873.60,PASS
6,random_fullrange_2,61,003d22dd3511c46a,003d220211020000,003d220211020000,16837.30,PASS
6,random_fullrange_2,62,003e1159502246bf,003e110122010000,003e110122010000,16788.40,PASS
6,random_fullrange_2,63,003f22bce0113705,003f220211010000,003f220211010000,16870.40,PASS
6,random_fullrange_2,64,0040113fbd2209c9,0040110122010000,0040110122010000,16897.50,PASS
6,random_fullrange_2,65,004122a0b511d99a,0041220211020000,0041220211020000,16893.00,PASS
6,random_fullrange_2,66,004211b36e229f68,0042110222020000,0042110222020000,16863.10,PASS
6,random_fullrange_2,67,004322f46811d08f,0043220211020000,0043220211020000,16816.80,PASS
6,random_fullrange_2,68,0044113935225ac3,0044110122010000,0044110122010000,16890.60,PASS
6,random_fullrange_2,69,00452274d4119b73,0045220111020000,0045220111020000,16865.50,PASS
6,random_fullrange_2,70,004611466d223505,0046110122010000,0046110122010000,16852.50,PASS
6,random_fullrange_2,71,0047229b4c11f26d,0047220211020000,0047220211020000,16890.60,PASS
6,random_fullrange_2,72,0048112229228e7f,0048110122020000,0048110122020000,16869.20,PASS
6,random_fullrange_2,73,00492285d2115715,0049220211010000,0049220211010000,16838.30,PASS
6,random_fullrange_2,74,004a111d702257f8,004a110122010000,004a110122010000,16833.60,PASS
6,random_fullrange_2,75,004b22e2e3113736,004b220211010000,004b220211010000,16921.40,PASS
6,random_fullrange_2,76,004c116b8c22f747,004c110122020000,004c110122020000,16873.90,PASS
6,random_fullrange_2,77,004d2264f91136f6,004d220111010000,004d220111010000,16720.80,PASS
6,random_fullrange_2,78,004e118a25220e86,004e110222010000,004e110222010000,16824.60,PASS
6,random_fullrange_2,79,004f225f0b1178c8,004f220111020000,004f220111020000,16870.30,PASS
6,random_fullrange_2,80,0050111cd6227fb2,0050110122010000,0050110122010000,16902.60,PASS
6,random_fullrange_2,81,00512235d0118b96,0051220111020000,0051220111020000,16803.40,PASS
6,random_fullrange_2,82,0052118a0e22e0d7,0052110222020000,0052110222020000,16871.80,PASS
6,random_fullrange_2,83,005322eb1311fb12,0053220211020000,0053220211020000,16877.20,PASS
6,random_fullrange_2,84,005411159c2254a4,0054110122010000,0054110122010000,16870.70,PASS
6,random_fullrange_2,85,005522b60711456c,0055220211010000,0055220211010000,16872.60,PASS
6,random_fullrange_2,86,0056110a7022d4d6,0056110122020000,0056110122020000,16878.30,PASS
6,random_fullrange_2,87,005722434f1133f6,0057220111010000,0057220111010000,16941.30,PASS
6,random_fullrange_2,88,0058117b3a222961,0058110222010000,0058110222010000,16792.40,PASS
6,random_fullrange_2,89,005922ca1411acec,0059220211020000,0059220211020000,16869.20,PASS
6,random_fullrange_2,90,005a11f47e22e0c9,005a110222020000,005a110222020000,16901.80,PASS
6,random_fullrange_2,91,005b22f0ce118dab,005b220211020000,005b220211020000,16852.30,PASS
6,random_fullrange_2,92,005c113bf1228a62,005c110122010000,005c110122010000,16812.90,PASS
6,random_fullrange_2,93,005d227c0c11a2a5,005d220111020000,005d220111020000,16832.10,PASS
6,random_fullrange_2,94,005e11fad922eb4d,005e110222020000,005e110222020000,16828.80,PASS
6,random_fullrange_2,95,005f2215b11102fb,005f220111010000,005f220111010000,16832.40,PASS
6,random_fullrange_2,96,0060118e2e224cba,0060110222010000,0060110222010000,16896.70,PASS
6,random_fullrange_2,97,00612276a9111af4,0061220111010000,0061220111010000,16816.70,PASS
6,random_fullrange_2,98,0062113e972220e4,0062110122010000,0062110122010000,16827.60,PASS
6,random_fullrange_2,99,006322508211d2c3,0063220111020000,0063220111020000,16889.00,PASS
7,random_fullrange_3,0,000022f1b2110ea9,0000220011000000,0000220011000000,8923.70,PASS
7,random_fullrange_3,1,000111cdfd22f27a,0001110022000000,0001110022000000,16779.30,PASS
7,random_fullrange_3,2,00022245fd11f63b,0002220011000000,0002220011000000,16759.30,PASS
7,random_fullrange_3,3,000311b4b822a64b,0003110022000000,0003110022000000,16855.30,PASS
7,random_fullrange_3,4,0004227eeb11b524,0004220011000000,0004220011000000,16911.20,PASS
7,random_fullrange_3,5,000511a77c224816,0005110022000000,0005110022000000,16707.30,PASS
7,random_fullrange_3,6,0006221f6d1172c4,0006220011000000,0006220011000000,16919.90,PASS
7,random_fullrange_3,7,000711815a22c1c7,0007110022000000,0007110022000000,16983.10,PASS
7,random_fullrange_3,8,000822630c11262f,0008220011000000,0008220011000000,16791.70,PASS
7,random_fullrange_3,9,0009112dc922ed07,0009110022000000,0009110022000000,16829.90,PASS
7,random_fullrange_3,10,000a22d4cd11c9d6,000a220011000000,000a220011000000,17043.30,PASS
7,random_fullrange_3,11,000b114bf322d689,000b110022000000,000b110022000000,16701.80,PASS
7,random_fullrange_3,12,000c22b466118419,000c220011000000,000c220011000000,16796.80,PASS
7,random_fullrange_3,13,000d11ba412210d1,000d110022000000,000d110022000000,16741.30,PASS
7,random_fullrange_3,14,000e22136b11728b,000e220011000000,000e220011000000,16775.40,PASS
7,random_fullrange_3,15,000f1134502215a4,000f110022000000,000f110022000000,16785.40,PASS
7,random_fullrange_3,16,0010227f6e11e700,0010220211020000,0010220211020000,16858.70,PASS
7,random_fullrange_3,17,00111193072205d4,0011110222010000,0011110222010000,16877.70,PASS
7,random_fullrange_3,18,001222a33611c0d9,0012220211020000,0012220211020000,16732.20,PASS
7,random_fullrange_3,19,001311524b220970,0013110122010000,0013110122010000,16901.20,PASS
7,random_fullrange_3,20,001422f055114953,0014220211010000,0014220211010000,16747.30,PASS
7,random_fullrange_3,21,0015117be322436e,0015110222010000,0015110222010000,16744.40,PASS
7,random_fullrange_3,22,001622da7b116e83,0016220211010000,0016220211010000,16846.20,PASS
7,random_fullrange_3,23,0017118cdb22ca7f,0017110222020000,0017110222020000,16799.70,PASS
7,random_fullrange_3,24,0018220bf211e22a,0018220111020000,0018220111020000,16716.00,PASS
7,random_fullrange_3,25,00191193bb22744a,0019110222020000,0019110222020000,16867.40,PASS
7,random_fullrange_3,26,001a22c6db11c1e4,001a220211020000,001a220211020000,17168.50,PASS
7,random_fullrange_3,27,001b118b5122dbef,001b110122020000,001b110122020000,16182.50,PASS
7,random_fullrange_3,28,001c224045117147,001c220111010000,001c220111010000,16771.40,PASS
7,random_fullrange_3,29,001d117b922216f5,001d110122010000,001d110122010000,16620.60,PASS
7,random_fullrange_3,30,001e225a6011da85,001e220111020000,001e220111020000,16804.10,PASS
7,random_fullrange_3,31,001f11f85f220792,001f110222010000,001f110222010000,16957.40,PASS
7,random_fullrange_3,32,00202243a8116326,0020220111010000,0020220111010000,16806.60,PASS
7,random_fullrange_3,33,002111b209224d32,0021110222010000,0021110222010000,16940.10,PASS
7,random_fullrange_3,34,002222aae311bf88,0022220211020000,0022220211020000,16852.40,PASS
7,random_fullrange_3,35,002311783e2260f9,0023110122010000,0023110122010000,16742.40,PASS
7,random_fullrange_3,36,002422011b11fb6f,0024220111020000,0024220111020000,16883.10,PASS
7,random_fullrange_3,37,0025114ce3220712,0025110122010000,0025110122010000,16863.40,PASS
7,random_fullrange_3,38,0026223dc4111da1,0026220111010000,0026220111010000,16911.70,PASS
7,random_fullrange_3,39,002711e61922fa67,0027110222020000,0027110222020000,16739.80,PASS
7,random_fullrange_3,40,0028228d56111e99,0028220211010000,0028220211010000,16899.90,PASS
7,random_fullrange_3,41,002911123f223f7a,0029110122010000,0029110122010000,16844.70,PASS
7,random_fullrange_3,42,002a227453114ce6,002a220211010000,002a220211010000,16778.90,PASS
7,random_fullrange_3,43,002b11088b22e755,002b110122020000,002b110122020000,16823.60,PASS
7,random_fullrange_3,44,002c22927c110cd9,002c220211010000,002c220211010000,16872.50,PASS
7,random_fullrange_3,45,002d11628a22995e,002d110122020000,002d110122020000,16914.90,PASS
7,random_fullrange_3,46,002e22bd6a119f9b,002e220211020000,002e220211020000,16829.40,PASS
7,random_fullrange_3,47,002f11b73b22300b,002f110222010000,002f110222010000,16816.60,PASS
7,random_fullrange_3,48,0030227def11da0a,0030220211020000,0030220211020000,17018.90,PASS
7,random_fullrange_3,49,0031115dd12246e2,0031110122010000,0031110122010000,16762.80,PASS
7,random_fullrange_3,50,003222a79811e4a4,0032220211020000,0032220211020000,16746.40,PASS
7,random_fullrange_3,51,003311a652225c89,0033110222010000,0033110222010000,17014.20,PASS
7,random_fullrange_3,52,003422133011206d,0034220111010000,0034220111010000,16739.10,PASS
7,random_fullrange_3,53,00351128ae22622c,0035110122010000,0035110122010000,16538.30,PASS
7,random_fullrange_3,54,0036220216117fdf,0036220111020000,0036220111020000,16842.20,PASS
7,random_fullrange_3,55,003711c771224593,0037110222010000,0037110222010000,16980.50,PASS
7,random_fullrange_3,56,003822315211bda8,0038220111020000,0038220111020000,16765.60,PASS
7,random_fullrange_3,57,003911c1812209c2,0039110222010000,0039110222010000,16883.50,PASS
7,random_fullrange_3,58,003a224c13116d48,003a220111010000,003a220111010000,16728.90,PASS
7,random_fullrange_3,59,003b112b12220a90,003b110122010000,003b110122010000,16965.30,PASS
7,random_fullrange_3,60,003c22945111ee1b,003c220211020000,003c220211020000,16677.30,PASS
7,random_fullrange_3,61,003d11de0d221253,003d110222010000,003d110222010000,16785.20,PASS
7,random_fullrange_3,62,003e22fd90118983,003e220211010000,003e220211010000,16926.60,PASS
7,random_fullrange_3,63,003f11d4af22181a,003f110222010000,003f110222010000,16999.40,PASS
7,random_fullrange_3,64,004022077711305a,0040220111010000,0040220111010000,16701.60,PASS
7,random_fullrange_3,65,004111a2d5229ffa,0041110222020000,0041110222020000,16895.00,PASS
7,random_fullrange_3,66,00422289c01121be,0042220211010000,0042220211010000,16843.00,PASS
7,random_fullrange_3,67,004311d0a222ba64,0043110222020000,0043110222020000,16822.50,PASS
7,random_fullrange_3,68,004422ad791173b7,0044220211010000,0044220211010000,16763.10,PASS
7,random_fullrange_3,69,004511ea09221164,0045110222010000,0045110222010000,16848.20,PASS
7,random_fullrange_3,70,004622843d11771c,0046220211010000,0046220211010000,16960.40,PASS
7,random_fullrange_3,71,0047110d07229bfc,0047110122020000,0047110122020000,16813.90,PASS
7,random_fullrange_3,72,004822eded113623,0048220211010000,0048220211010000,16861.60,PASS
7,random_fullrange_3,73,004911cefa223f2f,0049110222010000,0049110222010000,16884.70,PASS
7,random_fullrange_3,74,004a22414f11f033,004a220111020000,004a220111020000,16774.50,PASS
7,random_fullrange_3,75,004b1191a52250d7,004b110122010000,004b110122010000,16890.30,PASS
7,random_fullrange_3,76,004c22bca81185e5,004c220211010000,004c220211010000,16706.10,PASS
7,random_fullrange_3,77,004d11dcb022a10e,004d110222020000,004d110222020000,16780.10,PASS
7,random_fullrange_3,78,004e22e91a110b5f,004e220211010000,004e220211010000,16965.60,PASS
7,random_fullrange_3,79,004f1128a022c755,004f110122020000,004f110122020000,16690.50,PASS
7,random_fullrange_3,80,00502276f811fc66,0050220111020000,0050220111020000,16902.60,PASS
7,random_fullrange_3,81,005111cdf12261e9,0051110222010000,0051110222010000,16822.10,PASS
7,random_fullrange_3,82,005222828a118000,0052220111010000,0052220111010000,16905.80,PASS
7,random_fullrange_3,83,0053115d2222da92,0053110122020000,0053110122020000,16751.20,PASS
7,random_fullrange_3,84,005422f2a411c2f2,0054220211020000,0054220211020000,16792.50,PASS
7,random_fullrange_3,85,00551102e6220031,0055110122010000,0055110122010000,16859.30,PASS
7,random_fullrange_3,86,0056229ae311cae8,0056220211020000,0056220211020000,16895.80,PASS
7,random_fullrange_3,87,0057112ff02265eb,0057110122010000,0057110122010000,17031.30,PASS
7,random_fullrange_3,88,005822b4c911126c,0058220211010000,0058220211010000,16627.30,PASS
7,random_fullrange_3,89,005911ba9322c3cf,0059110222020000,0059110222020000,16878.90,PASS
7,random_fullrange_3,90,005a22e8a41100d8,005a220211010000,005a220211010000,16876.30,PASS
7,random_fullrange_3,91,005b11ed51228e08,005b110222010000,005b110222010000,17360.70,PASS
7,random_fullrange_3,92,005c22ed941100de,005c220211010000,005c220211010000,16328.50,PASS
7,random_fullrange_3,93,005d112eab22cafe,005d110122020000,005d110122020000,16825.00,PASS
7,random_fullrange_3,94,005e22e0ee11822b,005e220211020000,005e220211020000,17590.00,PASS
7,random_fullrange_3,95,005f11e98322bb0a,005f110222020000,005f110222020000,16038.10,PASS
7,random_fullrange_3,96,0060229cce1123d3,0060220111010000,0060220111010000,16943.00,PASS
7,random_fullrange_3,97,0061119c992269b2,0061110222010000,0061110222010000,16825.00,PASS
7,random_fullrange_3,98,0062228981114326,0062220111010000,0062220111010000,16833.40,PASS
7,random_fullrange_3,99,006311082d222ece,0063110122010000,0063110122010000,16859.10,PASS
8,random_fullrange_4,0,0000118e73228c45,0000110022000000,0000110022000000,15037.80,PASS
8,random_fullrange_4,1,000122993a11ae26,0001220011000000,0001220011000000,16773.10,PASS
8,random_fullrange_4,2,000211700e22af0a,0002110022000000,0002110022000000,16800.20,PASS
8,random_fullrange_4,3,00032263601135fb,0003220011000000,0003220011000000,16459.00,PASS
8,random_fullrange_4,4,0004115dd022f19a,0004110022000000,0004110022000000,16867.30,PASS
8,random_fullrange_4,5,0005229d44118a6c,0005220011000000,0005220011000000,16838.00,PASS
8,random_fullrange_4,6,00061179a12293bf,0006110022000000,0006110022000000,16838.70,PASS
8,random_fullrange_4,7,00072253f4111005,0007220011000000,0007220011000000,16808.30,PASS
8,random_fullrange_4,8,0008118725222f4c,0008110022000000,0008110022000000,16901.60,PASS
8,random_fullrange_4,9,000922f5ec1101da,0009220011000000,0009220011000000,16803.50,PASS
8,random_fullrange_4,10,000a11b605224b2b,000a110022000000,000a110022000000,16981.70,PASS
8,random_fullrange_4,11,000b22f1ff110626,000b220011000000,000b220011000000,16804.60,PASS
8,random_fullrange_4,12,000c116d0f22cd44,000c110022000000,000c110022000000,16837.80,PASS
8,random_fullrange_4,13,000d22214d112224,000d220011000000,000d220011000000,16795.10,PASS
8,random_fullrange_4,14,000e116d5c22f13b,000e110022000000,000e110022000000,16822.40,PASS
8,random_fullrange_4,15,000f22e631115937,000f220011000000,000f220011000000,16922.50,PASS
8,random_fullrange_4,16,00101185102255c5,0010110222010000,0010110222010000,16796.30,PASS
8,random_fullrange_4,17,001122291c11e93e,0011220111020000,0011220111020000,16956.60,PASS
8,random_fullrange_4,18,001211915122ae58,0012110222020000,0012110222020000,16843.30,PASS
8,random_fullrange_4,19,001322a31211e720,0013220211020000,0013220211020000,16905.20,PASS
8,random_fullrange_4,20,001411618b2241f2,0014110122010000,0014110122010000,16882.90,PASS
8,random_fullrange_4,21,00152276ad11e2cf,0015220111020000,0015220111020000,16788.60,PASS
8,random_fullrange_4,22,0016116eb422163c,0016110122010000,0016110122010000,16970.00,PASS
8,random_fullrange_4,23,0017221a77118bdd,0017220111020000,0017220111020000,16814.60,PASS
8,random_fullrange_4,24,0018119c6b227830,0018110222010000,0018110222010000,16648.30,PASS
8,random_fullrange_4,25,0019228d1011372b,0019220211010000,0019220211010000,16840.40,PASS
8,random_fullrange_4,26,001a11bb9022e0f1,001a110222020000,001a110222020000,16821.30,PASS
8,random_fullrange_4,27,001b2239391176d5,001b220111010000,001b220111010000,16737.80,PASS
8,random_fullrange_4,28,001c1154ec222217,001c110122010000,001c110122010000,16935.60,PASS
8,random_fullrange_4,29,001d22d7c311fb93,001d220211020000,001d220211020000,16642.70,PASS
8,random_fullrange_4,30,001e112f752262b1,001e110122010000,001e110122010000,16807.40,PASS
8,random_fullrange_4,31,001f22aaa8119cc0,001f220211020000,001f220211020000,16755.60,PASS
8,random_fullrange_4,32,002011ad5d2286f6,0020110222020000,0020110222020000,16783.10,PASS
8,random_fullrange_4,33,0021225fb81142b7,0021220111010000,0021220111010000,16818.30,PASS
8,random_fullrange_4,34,002211f2f322c8c2,0022110222020000,0022110222020000,16851.70,PASS
8,random_fullrange_4,35,00232200a611fd1b,0023220111020000,0023220111020000,16957.20,PASS
8,random_fullrange_4,36,002411918922e21b,0024110122020000,0024110122020000,16799.50,PASS
8,random_fullrange_4,37,002522475c110c37,0025220111010000,0025220111010000,16786.30,PASS
8,random_fullrange_4,38,0026115e24224750,0026110122010000,0026110122010000,17265.10,PASS
8,random_fullrange_4,39,00272281fa115b63,0027220211010000,0027220211010000,16329.20,PASS
8,random_fullrange_4,40,002811bcff226eb1,0028110222010000,0028110222010000,16809.70,PASS
8,random_fullrange_4,41,0029226c47110f5e,0029220111010000,0029220111010000,16895.00,PASS
8,random_fullrange_4,42,002a1101ff22959d,002a110122020000,002a110122020000,16823.00,PASS
8,random_fullrange_4,43,002b2222f411db1a,002b220111020000,002b220111020000,17467.80,PASS
8,random_fullrange_4,44,002c115cb722ad54,002c110122020000,002c110122020000,16239.50,PASS
8,random_fullrange_4,45,002d225f90119fc6,002d220111020000,002d220111020000,16870.30,PASS
8,random_fullrange_4,46,002e1136f622e50f,002e110122020000,002e110122020000,16872.70,PASS
8,random_fullrange_4,47,002f222dbf119da9,002f220111020000,002f220111020000,16844.40,PASS
8,random_fullrange_4,48,0030118e93225c0f,0030110222010000,0030110222010000,16932.90,PASS
8,random_fullrange_4,49,00312214901146e4,0031220111010000,0031220111010000,16626.80,PASS
8,random_fullrange_4,50,003211cdf422f12d,0032110222020000,0032110222020000,16691.00,PASS
8,random_fullrange_4,51,003322965511486b,0033220211010000,0033220211010000,16836.80,PASS
8,random_fullrange_4,52,003411701d229d8d,0034110222020000,0034110222020000,16761.80,PASS
8,random_fullrange_4,53,003522cb78117817,0035220211020000,0035220211020000,18043.90,PASS
8,random_fullrange_4,54,00361107cf22592c,0036110122010000,0036110122010000,19019.10,PASS
8,random_fullrange_4,55,003722096211efed,0037220111020000,0037220111020000,13533.30,PASS
8,random_fullrange_4,56,0038116f79223a82,0038110122010000,0038110122010000,16883.40,PASS
8,random_fullrange_4,57,0039228fad11b779,0039220211020000,0039220211020000,16199.30,PASS
8,random_fullrange_4,58,003a11a6d3225083,003a110222010000,003a110222010000,16815.70,PASS
8,random_fullrange_4,59,003b2245c711392a,003b220111010000,003b220111010000,16845.70,PASS
8,random_fullrange_4,60,003c1161af22fd9c,003c110122020000,003c110122020000,16880.60,PASS
8,random_fullrange_4,61,003d228ea211c7c5,003d220211020000,003d220211020000,16868.10,PASS
8,random_fullrange_4,62,003e116568222cd0,003e110122010000,003e110122010000,16781.20,PASS
8,random_fullrange_4,63,003f225afd110a0f,003f220111010000,003f220111010000,16857.30,PASS
8,random_fullrange_4,64,00401176be22f6ff,0040110222020000,0040110222020000,16945.20,PASS
8,random_fullrange_4,65,00412265c411fd35,0041220111020000,0041220111020000,16757.50,PASS
8,random_fullrange_4,66,004211b421226a1a,0042110222010000,0042110222010000,16971.10,PASS
8,random_fullrange_4,67,00432253d411969e,0043220111020000,0043220111020000,16876.00,PASS
8,random_fullrange_4,68,0044116ec822b92f,0044110122020000,0044110122020000,16902.50,PASS
8,random_fullrange_4,69,004522012311a966,0045220111020000,0045220111020000,16646.50,PASS
8,random_fullrange_4,70,0046111ded22d035,0046110122020000,0046110122020000,16920.20,PASS
8,random_fullrange_4,71,004722fff311136f,0047220211010000,0047220211010000,16727.10,PASS
8,random_fullrange_4,72,004811396b2237f6,0048110122010000,0048110122010000,16741.20,PASS
8,random_fullrange_4,73,0049220d591170d4,0049220111010000,0049220111010000,16800.40,PASS
8,random_fullrange_4,74,004a1182b2221752,004a110222010000,004a110222010000,16848.30,PASS
8,random_fullrange_4,75,004b228f0111778b,004b220211020000,004b220211020000,16760.50,PASS
8,random_fullrange_4,76,004c1153582262ed,004c110122010000,004c110122010000,16882.10,PASS
8,random_fullrange_4,77,004d22e9521144b3,004d220211010000,004d220211010000,16817.10,PASS
8,random_fullrange_4,78,004e11206922aa97,004e110122020000,004e110122020000,16690.80,PASS
8,random_fullrange_4,79,004f220a8b11f694,004f220111020000,004f220111020000,16804.90,PASS
8,random_fullrange_4,80,005011cebc223fba,0050110222010000,0050110222010000,16773.50,PASS
8,random_fullrange_4,81,0051220f7c11b3bb,0051220111020000,0051220111020000,16930.50,PASS
8,random_fullrange_4,82,00521185ce228f38,0052110222020000,0052110222020000,16853.00,PASS
8,random_fullrange_4,83,0053226ea3119b53,0053220211020000,0053220211020000,16867.00,PASS
8,random_fullrange_4,84,005411c29122b0f5,0054110222020000,0054110222020000,16883.80,PASS
8,random_fullrange_4,85,00552247bd113f24,0055220111010000,0055220111010000,16926.10,PASS
8,random_fullrange_4,86,005611a60e22cf16,0056110222020000,0056110222020000,16907.70,PASS
8,random_fullrange_4,87,0057227ef5111313,0057220211010000,0057220211010000,16781.70,PASS
8,random_fullrange_4,88,0058115ed422e8ec,0058110122020000,0058110122020000,16904.80,PASS
8,random_fullrange_4,89,0059227cbd11f18e,0059220211020000,0059220211020000,16850.90,PASS
8,random_fullrange_4,90,005a11e8212227ba,005a110222010000,005a110222010000,16787.40,PASS
8,random_fullrange_4,91,005b221f711195f1,005b220111020000,005b220111020000,16925.30,PASS
8,random_fullrange_4,92,005c11a6d92264bc,005c110222010000,005c110222010000,16777.10,PASS
8,random_fullrange_4,93,005d22b35b113797,005d220211010000,005d220211010000,16810.70,PASS
8,random_fullrange_4,94,005e11c59622e6bd,005e110222020000,005e110222020000,16895.50,PASS
8,random_fullrange_4,95,005f22ce1d110ba6,005f220211010000,005f220211010000,16863.00,PASS
8,random_fullrange_4,96,0060110536223f58,0060110122010000,0060110122010000,16795.20,PASS
8,random_fullrange_4,97,006122e0d111f7ad,0061220211020000,0061220211020000,16887.40,PASS
8,random_fullrange_4,98,00621178f5224fb9,0062110122010000,0062110122010000,16804.90,PASS
8,random_fullrange_4,99,0063227e22115526,0063220111010000,0063220111010000,16829.90,PASS
9,random_fullrange_5,0,0000226d2b11a3e0,0000220011000000,0000220011000000,11420.60,PASS
9,random_fullrange_5,1,00011122da22d9eb,0001110022000000,0001110022000000,16701.30,PASS
9,random_fullrange_5,2,000222ac9b114ef9,0002220011000000,0002220011000000,16738.90,PASS
9,random_fullrange_5,3,000311327b22efee,0003110022000000,0003110022000000,16904.80,PASS
9,random_fullrange_5,4,000422bef911d67a,0004220011000000,0004220011000000,16774.20,PASS
9,random_fullrange_5,5,0005115103228fe5,0005110022000000,0005110022000000,16852.70,PASS
9,random_fullrange_5,6,0006223d9b11350b,0006220011000000,0006220011000000,16833.20,PASS
9,random_fullrange_5,7,00071120fc224e22,0007110022000000,0007110022000000,16846.40,PASS
9,random_fullrange_5,8,000822dbda11423e,0008220011000000,0008220011000000,16849.60,PASS
9,random_fullrange_5,9,00091156d122d984,0009110022000000,0009110022000000,16959.70,PASS
9,random_fullrange_5,10,000a22c2a011530e,000a220011000000,000a220011000000,16882.50,PASS
9,random_fullrange_5,11,000b11567b22fcff,000b110022000000,000b110022000000,16824.70,PASS
9,random_fullrange_5,12,000c220e4c114a74,000c220011000000,000c220011000000,16891.90,PASS
9,random_fullrange_5,13,000d113d2122c632,000d110022000000,000d110022000000,16754.80,PASS
9,random_fullrange_5,14,000e22e27a118609,000e220011000000,000e220011000000,16980.80,PASS
9,random_fullrange_5,15,000f11c1b9223faf,000f110022000000,000f110022000000,16736.50,PASS
9,random_fullrange_5,16,001022acb0110f5b,0010220211010000,0010220211010000,16887.90,PASS
9,random_fullrange_5,17,00111194922282d5,0011110222010000,0011110222010000,16869.30,PASS
9,random_fullrange_5,18,001222b2f31176d0,0012220211020000,0012220211020000,16840.50,PASS
9,random_fullrange_5,19,00131101c622f76a,0013110122020000,0013110122020000,16832.00,PASS
9,random_fullrange_5,20,001422798e11a8ab,0014220111020000,0014220111020000,16900.40,PASS
9,random_fullrange_5,21,001511b8a8223de3,0015110222010000,0015110222010000,16815.50,PASS
9,random_fullrange_5,22,0016228c1f117a58,0016220111020000,0016220111020000,16912.20,PASS
9,random_fullrange_5,23,0017117a49220335,0017110222010000,0017110222010000,16752.80,PASS
9,random_fullrange_5,24,00182215f61108c4,0018220111010000,0018220111010000,16833.20,PASS
9,random_fullrange_5,25,001911b94722e376,0019110222020000,0019110222020000,16858.10,PASS
9,random_fullrange_5,26,001a2207411148fa,001a220111010000,001a220111010000,16825.80,PASS
9,random_fullrange_5,27,001b11cbc222ff16,001b110222020000,001b110222020000,16853.00,PASS
9,random_fullrange_5,28,001c22cb5a1188de,001c220211020000,001c220211020000,16849.40,PASS
9,random_fullrange_5,29,001d1134bd2228fc,001d110122010000,001d110122010000,16929.20,PASS
9,random_fullrange_5,30,001e220947117348,001e220111010000,001e220111010000,16760.80,PASS
9,random_fullrange_5,31,001f112a842266a3,001f110122010000,001f110122010000,16896.10,PASS
9,random_fullrange_5,32,00202221b7112620,0020220111010000,0020220111010000,16864.30,PASS
9,random_fullrange_5,33,002111274b22755d,0021110122020000,0021110122020000,16854.20,PASS
9,random_fullrange_5,34,002222158f110932,0022220111010000,0022220111010000,16790.20,PASS
9,random_fullrange_5,35,00231141bb22ea10,0023110122020000,0023110122020000,16578.60,PASS
9,random_fullrange_5,36,0024221b1911b9bd,0024220111020000,0024220111020000,16890.70,PASS
9,random_fullrange_5,37,002511a6b3223152,0025110222010000,0025110222010000,16789.90,PASS
9,random_fullrange_5,38,00262256a211419d,0026220111010000,0026220111010000,16825.60,PASS
9,random_fullrange_5,39,002711b321220286,0027110222010000,0027110222010000,16860.80,PASS
9,random_fullrange_5,40,002822572511a0c4,0028220111020000,0028220111020000,16833.00,PASS
9,random_fullrange_5,41,00291161c022828a,0029110122020000,0029110122020000,16823.50,PASS
9,random_fullrange_5,42,002a2291dd118006,002a220211020000,002a220211020000,16858.30,PASS
9,random_fullrange_5,43,002b11b39f22f9b5,002b110222020000,002b110222020000,16828.30,PASS
9,random_fullrange_5,44,002c2252b9111712,002c220111010000,002c220111010000,16724.90,PASS
9,random_fullrange_5,45,002d115af0223c9f,002d110122010000,002d110122010000,16697.40,PASS
9,random_fullrange_5,46,002e22d99411ce62,002e220211020000,002e220211020000,16804.70,PASS
9,random_fullrange_5,47,002f114c8822b207,002f110122020000,002f110122020000,16914.60,PASS
9,random_fullrange_5,48,003022bb491168de,0030220211010000,0030220211010000,16664.30,PASS
9,random_fullrange_5,49,003111175b224876,0031110122010000,0031110122010000,16904.30,PASS
9,random_fullrange_5,50,003222c73111b371,0032220211020000,0032220211020000,16656.50,PASS
9,random_fullrange_5,51,003311cd542278f5,0033110222020000,0033110222020000,16933.60,PASS
9,random_fullrange_5,52,003422f74111e042,0034220211020000,0034220211020000,16867.10,PASS
9,random_fullrange_5,53,00351112172247c6,0035110122010000,0035110122010000,16869.30,PASS
9,random_fullrange_5,54,003622bc69117c79,0036220211010000,0036220211010000,16782.50,PASS
9,random_fullrange_5,55,003711f86d2229fb,0037110222010000,0037110222010000,16833.00,PASS
9,random_fullrange_5,56,003822e60e11a652,0038220211020000,0038220211020000,16870.40,PASS
9,random_fullrange_5,57,00391116a322e690,0039110122020000,0039110122020000,16717.20,PASS
9,random_fullrange_5,58,003a22cf7411f9a1,003a220211020000,003a220211020000,16896.70,PASS
9,random_fullrange_5,59,003b110f6b22a5fe,003b110122020000,003b110122020000,16766.60,PASS
9,random_fullrange_5,60,003c22711a11f10a,003c220111020000,003c220111020000,16700.70,PASS
9,random_fullrange_5,61,003d117c7322e912,003d110122020000,003d110122020000,16912.00,PASS
9,random_fullrange_5,62,003e226f4d115fec,003e220111010000,003e220111010000,16839.10,PASS
9,random_fullrange_5,63,003f119879229f41,003f110222010000,003f110222010000,16750.40,PASS
9,random_fullrange_5,64,0040222a5011967d,0040220111020000,0040220111020000,16880.20,PASS
9,random_fullrange_5,65,0041113a2e2280c5,0041110122010000,0041110122010000,16788.40,PASS
9,random_fullrange_5,66,0042226e4811d82d,0042220111020000,0042220111020000,16977.40,PASS
9,random_fullrange_5,67,004311bcc022fe56,0043110222020000,0043110222020000,16700.30,PASS
9,random_fullrange_5,68,004422acd7110431,0044220211010000,0044220211010000,16871.20,PASS
9,random_fullrange_5,69,0045110ef32206be,0045110122010000,0045110122010000,16988.80,PASS
9,random_fullrange_5,70,00462217e611fb06,0046220111020000,0046220111020000,16722.20,PASS
9,random_fullrange_5,71,004711a46322baba,0047110222020000,0047110222020000,16833.90,PASS
9,random_fullrange_5,72,004822dba111e387,0048220211020000,0048220211020000,16522.40,PASS
9,random_fullrange_5,73,0049110cbc22c819,0049110122020000,0049110122020000,16737.30,PASS
9,random_fullrange_5,74,004a22a01b116c20,004a220211010000,004a220211010000,16715.00,PASS
9,random_fullrange_5,75,004b114baa22fb6b,004b110122020000,004b110122020000,16840.00,PASS
9,random_fullrange_5,76,004c22dcb311bd1d,004c220211020000,004c220211020000,16907.00,PASS
9,random_fullrange_5,77,004d11866a222fbc,004d110222010000,004d110222010000,16849.60,PASS
9,random_fullrange_5,78,004e22f3dd1115dc,004e220211010000,004e220211010000,16994.50,PASS
9,random_fullrange_5,79,004f11da392200eb,004f110222010000,004f110222010000,16681.70,PASS
9,random_fullrange_5,80,005022da0e113e8a,0050220211010000,0050220211010000,16800.40,PASS
9,random_fullrange_5,81,0051114f40228bb6,0051110122010000,0051110122010000,16884.10,PASS
9,random_fullrange_5,82,005222d49b11be3b,0052220211020000,0052220211020000,16870.20,PASS
9,random_fullrange_5,83,0053119b2422e8b1,0053110222020000,0053110222020000,16814.80,PASS
9,random_fullrange_5,84,005422496311b5c7,0054220111020000,0054220111020000,16858.20,PASS
9,random_fullrange_5,85,005511f1d122d633,0055110222020000,0055110222020000,16958.70,PASS
9,random_fullrange_5,86,0056220bae1169e6,0056220111010000,0056220111010000,16770.00,PASS
9,random_fullrange_5,87,005711368422b498,0057110122020000,0057110122020000,16868.00,PASS
9,random_fullrange_5,88,00582277df119043,0058220111020000,0058220111020000,16839.90,PASS
9,random_fullrange_5,89,005911c00a22a57c,0059110222020000,0059110222020000,16854.20,PASS
9,random_fullrange_5,90,005a22f5f911f558,005a220211020000,005a220211020000,16857.40,PASS
9,random_fullrange_5,91,005b11ebe622b62d,005b110222020000,005b110222020000,16998.90,PASS
9,random_fullrange_5,92,005c22e00a11364f,005c220211010000,005c220211010000,16755.50,PASS
9,random_fullrange_5,93,005d119d17224a7f,005d110222010000,005d110222010000,16956.60,PASS
9,random_fullrange_5,94,005e222ec71106d8,005e220111010000,005e220111010000,16848.60,PASS
9,random_fullrange_5,95,005f11f7ab225b30,005f110222010000,005f110222010000,16848.90,PASS
9,random_fullrange_5,96,0060221156118b60,0060220111010000,0060220111010000,16638.10,PASS
9,random_fullrange_5,97,006111915a22d177,0061110122020000,0061110122020000,15246.40,PASS
9,random_fullrange_5,98,006222c30f11c04b,0062220211020000,0062220211020000,16784.30,PASS
9,random_fullrange_5,99,0063119c0f22117e,0063110122010000,0063110122010000,16707.90,PASS
